NGÀY SCAN,STT,SỐ TRACKING,GHI CHÚ
08/01/2022,1,15505169074626,
08/01/2022,2,%0SE83PR15502018531329812826,
08/01/2022,3,%0SE83PR15501857275478832826,
08/01/2022,4,15505169074633,
08/01/2022,5,15505169073501,
08/01/2022,6,%0SE83PR15502037928805812826,
08/01/2022,7,%0SE83PR15502037928636812826,
08/01/2022,8,%0SE83PR15501857248748832826,
08/01/2022,9,MA335972129GB,
08/01/2022,10,T00IKA0015957824,
08/01/2022,11,MA033149662GB,
08/01/2022,12,MA033162876GB,
08/01/2022,13,MD187475005GB,
08/01/2022,14,T00BIA0010755666,
08/01/2022,15,T00BIA0010689881,
08/01/2022,16,T00KMA0167670724,
08/01/2022,17,T00KMA0168188366,
08/01/2022,18,T00D4A1508241230,
08/01/2022,19,WU957270781GB,
08/01/2022,20,MD187471564GB,
08/01/2022,21,1ZF511F96804289571,
08/01/2022,22,WU322600543GB,
08/01/2022,23,%0SE83PR15505227987622811826,
08/01/2022,24,%0SE83PR15505227989408811826,
08/01/2022,25,T002VA0427908532,
08/01/2022,26,T002VA0425217256,
08/01/2022,27,KB869762508GB,
08/01/2022,28,L10023111011691233,
08/01/2022,29,WD375152250GB,
08/01/2022,30,WD412745104GB,
08/01/2022,31,AF066623536GB,
08/01/2022,32,PBIG9171869001,
08/01/2022,33,%0SE83PR15501857005662812826,
08/01/2022,34,]C100000994460066444253,
08/01/2022,35,15505169074614,
08/01/2022,36,15505169074620,
08/01/2022,37,H01QFA0002156384,
08/01/2022,38,15505453079076,
08/01/2022,39,T00D4A1507853921,
08/01/2022,40,PBTG7477041001,
08/01/2022,41,C00HHA0128666923,
08/01/2022,42,SE132630955GB,
08/01/2022,43,QA1879279602,
08/01/2022,44,0216B42C0250EE24,
08/01/2022,45,1 KIỆN K CÓ SỐ TRACKING,MUK QUAN HUONG  HN
08/01/2022,46,0212A57003285ECE,
08/01/2022,47,1 KIỆN K CÓ SỐ TRACKING,MUK QUAN HUONG  HN
08/01/2022,48,1106E0A9586,MUK QUAN HUONG  HN
08/01/2022,49,021445D4019EBB51,
08/01/2022,50,213513902823261,
09/01/2022,51,SM036264667GB,
09/01/2022,52,15505169075378,
10/01/2022,53,019840334021604934,
10/01/2022,54,019840421021597727,
10/01/2022,55,019840225321899387,
10/01/2022,56,019840527721085322,
10/01/2022,57,019920230221313263,
10/01/2022,58,019840500622810767,
10/01/2022,59,2814136,
10/01/2022,60,3 kiện không tracking,MUK PHUONG HN
10/01/2022,61,WU595585723GB,
10/01/2022,62,SM036248620GB,
10/01/2022,63,H01NFA0031085056,
10/01/2022,64,WL459991553GB,
10/01/2022,65,TQ071082541GB,
10/01/2022,66,JH044903582GB,
10/01/2022,67,WD268242310GB,
10/01/2022,68,02163A8F028C0959,
10/01/2022,69,T00P0A0020282354,
10/01/2022,70,T00B8A0063796154,
10/01/2022,71,T002VA0428635053,
10/01/2022,72,T00P0A0020221964,
10/01/2022,73,T00PLA0099210718,
10/01/2022,74,T00D7A0096421580,
10/01/2022,75,T00PLA0099286109,
10/01/2022,76,T002VA0431071002,
10/01/2022,77,T00P0A0020177135,
10/01/2022,78,T00P0A0020205491,
10/01/2022,79,T00IKA0016024258,
10/01/2022,80,T00KMA0171124494,
10/01/2022,81,T00P0A0020234202,
10/01/2022,82,%0SE83PR15976661711436831826,
10/01/2022,83,15505453080553,
10/01/2022,84,15505453079834,
10/01/2022,85,21082412961600100012,
10/01/2022,86,21082360524800100039,
10/01/2022,87,1010095740630966702400775654544280,
10/01/2022,88,6053053020128319284698001605,
10/01/2022,89,QA1886811632,
10/01/2022,90,QA1886384591,
10/01/2022,91,QB0163482328,
11/01/2022,92,%0SE83PR15503384851082832826,
11/01/2022,93,15505169077126,
11/01/2022,94,T00BIA0010876648,
11/01/2022,95,VB700987645GB,
11/01/2022,96,15505169078106,
11/01/2022,97,15505169077942,
11/01/2022,98,15505169076582,
11/01/2022,99,MD187516977GB,
11/01/2022,100,MD187513715GB,
11/01/2022,101,MD187519430GB,
11/01/2022,102,WU957344325GB,
11/01/2022,103,FE105860432GB,
11/01/2022,104,FE105860959GB,
11/01/2022,105,SM016413781GB,
11/01/2022,106,SM016413818GB,
11/01/2022,107,SM016413821GB,
11/01/2022,108,SM016413795GB,
11/01/2022,109,T00P0A0020301229,
11/01/2022,110,T0047A0071316551,
11/01/2022,111,T002VA0432054552,
11/01/2022,112,%0SE85BZ15502148245286891826,
11/01/2022,113,WD074252885GB,
11/01/2022,114,PBZK0866546001,
12/01/2022,115,15505169079384,
12/01/2022,116,T00P0A0020305342,
12/01/2022,117,TZYDXA0010084551,
12/01/2022,118,SM016417559GB,
12/01/2022,119,SM016417647GB,
12/01/2022,120,SM016417616GB,
12/01/2022,121,T00E4A1089047659,
12/01/2022,122,SM016418041GB,
12/01/2022,123,SM016417718GB,
12/01/2022,124,SM016417695GB,
12/01/2022,125,T002VA0432054540,
12/01/2022,126,PV426417608GB,
12/01/2022,127,T00NWA0027134746,
12/01/2022,128,T00P0A0020337010,
12/01/2022,129,15505169079389,
12/01/2022,130,T00KMA0173091077,
12/01/2022,131,%0SE83PR15501909610744812826,
12/01/2022,132,1Z44V0F6DK46862189,
12/01/2022,133,1ZV827826895849927,
12/01/2022,134,%0SE83PR15502018534364812826,
12/01/2022,135,15505453082715,
12/01/2022,136,JJD000298402003269486,
12/01/2022,137,15505169079440,
12/01/2022,138,PBZK0893382001,
12/01/2022,139,PBZK0883751001,
12/01/2022,140,15505169079522,
12/01/2022,141,1Z95X72Y0496977732,
12/01/2022,142,BN095382877GB,
12/01/2022,143,BN540384850GB,
12/01/2022,144,UT017173265NL,
12/01/2022,145,15505453082443,
12/01/2022,146,1 KIỆN OANHOANH,Gửi tại kho
12/01/2022,147,0508ACCAA44,MUK QUAN HN
12/01/2022,148,0218B8DB010FA582,MUK THONG HN
12/01/2022,149,0508AB1F3D9,MUK QUAN HN
12/01/2022,150,JJD0002248427668403,
13/01/2022,151,%0SE83PR15503117013670811826,
13/01/2022,152,%0SE83PR15501909922826832826,
13/01/2022,153,1ZF511F96804432290,
13/01/2022,154,ƯU499656691GB,
13/01/2022,155,T00NWA0027258914,
13/01/2022,156,T00BIA0010977856,
13/01/2022,157,%0SE83PR15501950226422812826,
13/01/2022,158,T00D4A1508406379,
13/01/2022,159,T00KMA0174159438,
13/01/2022,160,T002VA0431686170,
13/01/2022,161,T002VA0435166829,
13/01/2022,162,FN218905152GB,
13/01/2022,163,MD187539108GB,
13/01/2022,164,C00HHA0133065128,
13/01/2022,165,T00KMA0172823334,
13/01/2022,166,PBTH2783433001,
13/01/2022,167,1 KIỆN VÂN UK,Gửi tại kho
13/01/2022,168,FY121188882GB,
13/01/2022,169,FY121188896GB,
13/01/2022,170,JJD0002247516412996,
13/01/2022,171,T002VA0436330336,
13/01/2022,172,T00KMA0173259807,
13/01/2022,173,T00KMA0173930813,
13/01/2022,174,T00KMA0171785002,
13/01/2022,175,T002VA0435166817,
13/01/2022,176,T002VA0437681140,
13/01/2022,177,T00B8A0064659941,
13/01/2022,178,T002VA0436330324,
13/01/2022,179,TZYDYA0031765514,
13/01/2022,180,02164B2A010BF980,CINDY SG
13/01/2022,181,JJD0002247792219910,
13/01/2022,182,JJD0002247516414083,
13/01/2022,183,QA1896160492,
14/01/2022,184,PBTH3025338001,
14/01/2022,185,WD357993488GB,
14/01/2022,186,MA033217022GB,
14/01/2022,187,JF412006085GB,
14/01/2022,188,MD627546272GB,
14/01/2022,189,H0067A0047347314,
14/01/2022,190,T002VA0438247723,
14/01/2022,191,T002VA0438247735,
14/01/2022,192,C00HHA0133184118,
14/01/2022,193,PBTH3365138001,
14/01/2022,194,T002VA0434680830,
14/01/2022,195,T00P0A0020530717,
14/01/2022,196,T002VA0437660196,
14/01/2022,197,240812989527,MUK THONG
14/01/2022,198,HQ37385,MUK QUAN
14/01/2022,199,0508AEDAB50,MUK QUAN
14/01/2022,200,0212B49F041D15CA,MUK THONG
14/01/2022,201,ƯD203985534GB,
14/01/2022,202,ƯD387141387GB,
14/01/2022,203,1 KIỆN MUK PHUONG HN,
14/01/2022,204,%0SE83PR15503750431520812826,
15/01/2022,205,PBTH3025355001,
15/01/2022,206,QA1897813174,
15/01/2022,207,QA1895433442,
15/01/2022,208,QA1898113812,
15/01/2022,209,JJD000298402003271262,
15/01/2022,210,1010095741850966702400288646503027,
15/01/2022,211,SN211383496GB,
15/01/2022,212,PBTH3366031001,
15/01/2022,213,PBTH3025196001,
15/01/2022,214,WD450447260GB,
15/01/2022,215,%0SE83PR04361199577850101904,
15/01/2022,216,T002VA0438742242,
15/01/2022,217,T002VA0439391503,
15/01/2022,218,T002VA0438742278,
15/01/2022,219,T002VA0438742266,
15/01/2022,220,T002VA0438247747,
15/01/2022,221,T002VA0438742254,
15/01/2022,222,T002VA0440138106,
15/01/2022,223,T002VA0434563591,
16/01/2022,224,21082842907400100033,
17/01/2022,225,T00K5A0022324539,
17/01/2022,226,T002VA0441522479,
17/01/2022,227,T002VA0441179002,
17/01/2022,228,PBTH3924818001,
17/01/2022,229,21082875914600100037,
17/01/2022,230,%0SE83PR15505453085425812826,
17/01/2022,231,1Z598W22DK25273265,
17/01/2022,232,21282665924200100039,
17/01/2022,233,NY822149306GB,
17/01/2022,234,T00BIA0011087696,
17/01/2022,235,11151224320,
17/01/2022,236,T002VA0440083692,
17/01/2022,237,T00KMA0177285945,
17/01/2022,238,T00B8A0065688575,
17/01/2022,239,T00NWA0027586503,
17/01/2022,240,T00KMA0175621276,
17/01/2022,241,T002VA0441178997,
17/01/2022,242,H0067A0047623497,
17/01/2022,243,021007DB03B2ED7F,
17/01/2022,244,0508B39DB16,
17/01/2022,245,0508B2B9C2D,
17/01/2022,246,BN546111580GB,
17/01/2022,247,L10023111012022200,
17/01/2022,248,3 KIEN K TRACKING,MUK QUAN HN
17/01/2022,249,0508B3F971E,
17/01/2022,250,02134D7003325587,
18/01/2022,251,QA1904741000,
18/01/2022,252,QA1897535301,
18/01/2022,253,QA1904791663,
18/01/2022,254,15505169082591,
18/01/2022,255,PBTH3924818002,
18/01/2022,256,1 KIEN SA SG,
18/01/2022,257,XYKFPWVGMMJRTU50,ANNHIEN
18/01/2022,258,9URFUEQ413Z2GRS6,ANNHIEN
18/01/2022,259,NY674655554GB,
18/01/2022,260,WJ938463237GB,
18/01/2022,261,WD275977055GB,
18/01/2022,262,WD275977055GB,
18/01/2022,263,1 KIEN MUK QUAN,
18/01/2022,264,3203298930003505B166A,
18/01/2022,265,02136CFC02F1C68A,
18/01/2022,266,32058127000134DFDB400,
18/01/2022,267,T00KMA0178150624,
18/01/2022,268,T00KMA0178285275,
18/01/2022,269,T00B8A0066210791,
18/01/2022,270,T002VA0443690224,
18/01/2022,271,T002VA0443690212,
18/01/2022,272,FWGE2372693GB,
18/01/2022,273,PBTH4477538001,
18/01/2022,274,%0SE83PR15501950246581812826,
18/01/2022,275,PBTH3613308001,
18/01/2022,276,MD627575937GB,
19/01/2022,277,JJD0002247792219187,
19/01/2022,278,6053053020128320572643001605,
19/01/2022,279,1 KIEN BACHUYEN,
19/01/2022,280,1 KIEN HAHOANG,
19/01/2022,281,1 KIEN HUONGCHUNG,
19/01/2022,282,15505169083934,
19/01/2022,283,H01NFA0032275670,
19/01/2022,284,L10023111012157729,
19/01/2022,285,L10023111012156394,
19/01/2022,286,L10023111012066488,
19/01/2022,287,MD187627275GB,
19/01/2022,288,MD187628704GB,
23/01/2022,289,21082936794100100030,
23/01/2022,290,1 KIEN TAYHODIEP,
23/01/2022,291,T002VA0446762167,
23/01/2022,292,T002VA0446762155,
23/01/2022,293,T002VA0446890524,
23/01/2022,294,T002VA0447016408,
23/01/2022,295,T002VA0446975764,
23/01/2022,296,T002VA0446928563,
23/01/2022,297,T002VA0447016410,
23/01/2022,298,T002VA0446980549,
23/01/2022,299,H00IEA0066005454,
23/01/2022,300,T00D4A1508897049,
23/01/2022,301,T002VA0446886931,
23/01/2022,302,T002VA0446569523,
23/01/2022,303,T002VA0446529935,
23/01/2022,304,MD187637215GB,
23/01/2022,305,0216CFD4040DB1E6,
23/01/2022,306,L10023111012044013,
23/01/2022,307,WD478168937GB,
23/01/2022,308,MD187634744GB,
23/01/2022,309,%0SE83PR15501959171621812826,
23/01/2022,310,%0SE83PR15505169084371812826,
23/01/2022,311,MA242019927GB,
23/01/2022,312,WD665931832GB,
23/01/2022,313,%0SE83PR15505349907768812826,
23/01/2022,314,T002VA0448026195,
23/01/2022,315,T00D4A1508966490,
23/01/2022,316,T00D4A1508897063,
23/01/2022,317,T002VA0447979826,
23/01/2022,318,T002VA0447616549,
23/01/2022,319,T002VA0448070667,
23/01/2022,320,T00PLA0100080892,
23/01/2022,321,T00IKA0016911158,
23/01/2022,322,JJD014600009436043337,
23/01/2022,323,JJD0002247516421454,
23/01/2022,324,QA1913290650,
23/01/2022,325,MD187653567GB,
23/01/2022,326,15504742503526Y,
23/01/2022,327,WD234474663GB,
23/01/2022,328,1 KIEN MUK QUAN,
23/01/2022,329,JC421853610GB,
23/01/2022,330,%0SE83PR15500519144857812826,
23/01/2022,331,TZYDYA0033153444,
23/01/2022,332,%0SE83PR04361199580660101904,
23/01/2022,333,T002VA0449228308,
23/01/2022,334,T002VA0449359824,
23/01/2022,335,T002VA0449146431,
23/01/2022,336,T002VA0448854265,
23/01/2022,337,T00P0A0020857997,
23/01/2022,338,KB890951088GB,
23/01/2022,339,T00D4A1508966589,
23/01/2022,340,T00KMA0182192731,
23/01/2022,341,C00HHA0140128032,
23/01/2022,342,15501981193147W,
23/01/2022,343,T002VA0449943936,
23/01/2022,344,MD187676660GB,
23/01/2022,345,T002VA0450772239,
23/01/2022,346,T00PWA0024728542,
23/01/2022,347,21083536633700100037,
23/01/2022,348,A11194978673,
23/01/2022,349,1 KIEN NGUYEN TIEN THANH,
24/01/2022,350,1 KIEN HANHVAN,
24/01/2022,351,PBTH6262526001,
24/01/2022,352,%0SE83PR15501981245121812826,
24/01/2022,353,15505453090192,
24/01/2022,354,3JJD014600009442700578,
24/01/2022,355,15505453090797,
24/01/2022,356,NC310715597GB,
24/01/2022,357,21083663597500100037,
24/01/2022,358,T002VA0451669015,
24/01/2022,359,15505453090791,
24/01/2022,360,T002VA0451434777,
24/01/2022,361,T00KMA0183364321,
24/01/2022,362,T000VA0028678019,
24/01/2022,363,T01XHA0000446255,
24/01/2022,364,ƯY220194368GB,
24/01/2022,365,T002VA0448966630,
24/01/2022,366,021681590179602B,
24/01/2022,367,QA1920014283,
24/01/2022,368,MD187686809GB,
24/01/2022,369,MD187686622GB,
24/01/2022,370,QA1922630924,
24/01/2022,371,QA1920772931,
25/01/2022,372,PBTH6262591001,
25/01/2022,373,%0SE83PR15502452344151812826,
25/01/2022,374,%0SE83PR15502582153295812826,
25/01/2022,375,%0SE83PR15502582153294812826,
25/01/2022,376,H0067A0048486105,
25/01/2022,377,T00KMA0184296606,
25/01/2022,378,T002VA0452838938,
25/01/2022,379,WU957737438GB,
25/01/2022,380,T002VA0452266353,
25/01/2022,381,T002VA0452359007,
25/01/2022,382,T002VA0452838926,
25/01/2022,383,T002VA0452884012,
25/01/2022,384,PBTH6636395001,
25/01/2022,385,PBTH6262438001,
25/01/2022,386,PBTH6281984001,
25/01/2022,387,PBTH6281879001,
25/01/2022,388,PBTH6636682001,
25/01/2022,389,PBTH6636603001,
25/01/2022,390,02152632015671E3,
25/01/2022,391,0508BCF5727,
27/01/2022,392,T002VA0453418155,
27/01/2022,393,T002VA0452116053,
27/01/2022,394,FY121338777GB,
27/01/2022,395,SM053347551GB,
27/01/2022,396,T00NWA0028131234,
27/01/2022,397,T00NWA0028131397,
27/01/2022,398,1 KIEN OANHOANH,
27/01/2022,399,T00LFA0004310115,
27/01/2022,400,021621A804684315,
27/01/2022,401,WD473248616GB,
27/01/2022,402,2 KIEN MUK QUAN,
27/01/2022,403,T00K5A0024640668,
27/01/2022,404,H0067A0048725242,
27/01/2022,405,0508C2F2023,MUK QUAN
27/01/2022,406,PBKH2666613001,
27/01/2022,407,0508C35ACF3,MUK QUAN
27/01/2022,408,QA1928095338,
27/01/2022,409,QA1927706073,
27/01/2022,410,QA1927881888,
27/01/2022,411,QA1926138173,
27/01/2022,412,QA1925642285,
27/01/2022,413,1ZF511F96805132755,
27/01/2022,414,WD459725116GB,
27/01/2022,415,T002VA0454769197,
27/01/2022,416,T00NWA0028215698,
27/01/2022,417,1Z5804806802981716,
27/01/2022,418,2D04281210000004EBF5F,
27/01/2022,419,MD187737179GB,
27/01/2022,420,MD187737576GB,
31/01/2022,421,21083820081300100036,
31/01/2022,422,%0SE83PR15976856457333832826,
31/01/2022,423,96130831205205536207,
31/01/2022,424,QA1928155083,
31/01/2022,425,6053053020128321849124001605,
31/01/2022,426,NV103873464GB,
31/01/2022,427,T00NWA0028370014,
31/01/2022,428,6053053020128321852224001605,
31/01/2022,429,T00NWA0028295824,
31/01/2022,430,T002VA0455706336,
31/01/2022,431,T00KMA0186989140,
31/01/2022,432,T00ISA0007865863,
31/01/2022,433,02179AF4035230D8,
31/01/2022,434,T00PWA0025249371,
31/01/2022,435,T00PWA0025288753,
31/01/2022,436,T00PWA0025250196,
31/01/2022,437,T00PWA0025288892,
31/01/2022,438,WJ305850719GB,
31/01/2022,439,BN522533623GB,
31/01/2022,440,NJ928353360GB,
31/01/2022,441,T00NWA0028307984,
31/01/2022,442,T00NWA0028326530,
31/01/2022,443,T00NWA0028298008,
31/01/2022,444,T00NWA0028298452,
31/01/2022,445,T00NWA0028308582,
31/01/2022,446,87NXG9315442A060,
31/01/2022,447,QA1929563831,
31/01/2022,448,NV929278546GB,
31/01/2022,449,WU957897182GB,
31/01/2022,450,T00KMA0187457182,
31/01/2022,451,T00NWA0028406275,
31/01/2022,452,WD292928085GB,
31/01/2022,453,WD216437837GB,
31/01/2022,454,H008EA0007855452,
31/01/2022,455,H008EA0007855452,
31/01/2022,456,T002VA0458923567,
31/01/2022,457,T002VA0459492789,
31/01/2022,458,H0067A0049283473,
31/01/2022,459,]C100991010200056078973,
31/01/2022,460,H00TCA0001413017,
31/01/2022,461,T002VA0458341931,
31/01/2022,462,%0SE83PR15501969088259816826,A MAIANH
31/01/2022,463,%0SE83PR15501969089440816826,
31/01/2022,464,02101CA90568808B,MUK QUAN
31/01/2022,465,021041B402BB17DE,MUK QUAN
31/01/2022,466,021222FF01B35491,PHAPPHAM
03/02/2022,467,QA1936959376,
03/02/2022,468,QA1938993621,
03/02/2022,469,QA1938562964,
03/02/2022,470,T00NWA0028620091,
03/02/2022,471,T00NWA0028676113,
03/02/2022,472,H00EZA0012650049,
03/02/2022,473,WD214778657GB,
03/02/2022,474,H008EA0007925463,
03/02/2022,475,T00NWA0028568671,
03/02/2022,476,T00NWA0028643063,
03/02/2022,477,QA1942247156,
03/02/2022,478,T00NWA0028620089,
03/02/2022,479,T00KMA0190829833,
03/02/2022,480,WD231107170GB,
03/02/2022,481,T00D4A1509402308,
03/02/2022,482,QA1940825078,
03/02/2022,483,T00BIA0011890031,
03/02/2022,484,0211E042011E0A53,
03/02/2022,485,1Z2X06A80498508217,
03/02/2022,486,T002VA0460048058,
03/02/2022,487,%0SE83PR15504832033313812826,
03/02/2022,488,1ZV827826892074091,
03/02/2022,489,T00BIA0011879859,
03/02/2022,490,1ZF511F96805187581,
03/02/2022,491,PBTH9525561001,
03/02/2022,492,%0SE83PR15503750451904812826,
03/02/2022,493,QA1938561425,
03/02/2022,494,QA1940826992,
03/02/2022,495,QA1938561734,
03/02/2022,496,QA1938562142,
03/02/2022,497,QA1938560603,
03/02/2022,498,QA1938561511,
03/02/2022,499,QA1944097226,
03/02/2022,500,QA1942358489,
03/02/2022,501,QA1940825467,
03/02/2022,502,PBUX0572992001,
03/02/2022,503,PBUX0572723001,
03/02/2022,504,4003692270008FA9E108B,MUK QUAN
03/02/2022,505,0508CE1CC0A,MUK QUAN
03/02/2022,506,021372EA0176D991,MUK THONG
03/02/2022,507,L10023111012770841,
03/02/2022,508,1ZV827826893256633,
03/02/2022,509,1 KIEN MUK PHUONG,
03/02/2022,510,T00D4A1509512894,
03/02/2022,511,0217939B01657398,CINDY
03/02/2022,512,T00BIA0011990463,
03/02/2022,513,87NXG9365783A060,
06/02/2022,514,T00D4A1509425483,
06/02/2022,515,T00NWA0028756947,
06/02/2022,516,T002VA0463525332,
06/02/2022,517,SM036443748GB,
06/02/2022,518,SM036443561GB,
06/02/2022,519,SM036443779GB,
06/02/2022,520,SM036443703GB,
06/02/2022,521,SM036443782GB,
06/02/2022,522,SM036443796GB,
06/02/2022,523,SM016825601GB,
06/02/2022,524,SM016824892GB,
06/02/2022,525,SM016834271GB,
06/02/2022,526,SM016826690GB,
06/02/2022,527,SM016831641GB,
06/02/2022,528,SM016831788GB,
06/02/2022,529,SM016834665GB,
06/02/2022,530,21084469720200100035,
06/02/2022,531,21084466955500100031,
06/02/2022,532,21084495439000100033,
06/02/2022,533,T00D4A1509470818,
06/02/2022,534,WL489991720GB,
06/02/2022,535,T002VA0464704371,
06/02/2022,536,32020936200035E221FEC,DATBACHA
06/02/2022,537,PBII6042746001,
06/02/2022,538,NV717547347GB,
06/02/2022,539,0213673201698379,MUK THONG
06/02/2022,540,0212A3E94311E993,MUK THONG
06/02/2022,541,KB891855131GB,
06/02/2022,542,WD586044203GB,
06/02/2022,543,1F047385400002D675070,HAINCHAN
06/02/2022,544,QA1946197294,
06/02/2022,545,QA1948926478,
06/02/2022,546,QA1948810420,
06/02/2022,547,SM016826831GB,
06/02/2022,548,SM016826638GB,
06/02/2022,549,SM016835135GB,
06/02/2022,550,%0SE83PR15503843097431812826,
06/02/2022,551,T00KMA0195354021,
07/02/2022,552,T00KMA0195890849,
07/02/2022,553,JJD0002248427859626,
07/02/2022,554,NC312220792GB,
07/02/2022,555,SM036464147GB,
07/02/2022,556,T00NWA0029001379,
07/02/2022,557,T00NWA0029001367,
07/02/2022,558,T00KMA0196111434,
07/02/2022,559,T00KMA0195881701,
07/02/2022,560,T00KMA0195759168,
07/02/2022,561,T00NWA0028326530,
07/02/2022,562,1 KIEN DINHTHAO,
07/02/2022,563,QA1953363508,
07/02/2022,564,QA1955923005,
07/02/2022,565,QA1952732253,
07/02/2022,566,0213491904579AC7,
08/02/2022,567,%0SE83PR15503737385749812826,
08/02/2022,568,MA401344119GB,
08/02/2022,569,WU958104471GB,
08/02/2022,570,WU502423535GB,
08/02/2022,571,WU502508545GB,
08/02/2022,572,T002VA0468198762,
08/02/2022,573,JJD0002248427868360,
08/02/2022,574,T022TA0015361015,
08/02/2022,575,T00KMA0196850567,
08/02/2022,576,T0047A0079844825,
08/02/2022,577,T022TA0015357066,
08/02/2022,578,T022TA0015361041,
08/02/2022,579,T00NWA0029048389,
08/02/2022,580,T00KMA0196564700,
08/02/2022,581,T00B8A0072017496,
08/02/2022,582,H00KQA0012748284,
08/02/2022,583,T022TA0015356672,
08/02/2022,584,11071B53D06,
08/02/2022,585,1 KIEN MUK QUAN,
08/02/2022,586,02136FC10329D652,MUK QUAN
08/02/2022,587,02136BCF01164B3E,NGUYENCONGTH
08/02/2022,588,21019076200000058A907,DATBACHA
10/02/2022,589,PBAH8538691001,
10/02/2022,590,0212C8FB01A76CF1,CINDY
10/02/2022,591,NY854340698GB,
10/02/2022,592,L10023111013033968,
10/02/2022,593,WD693759092GB,
10/02/2022,594,1 KIEN MUK QUAN,
10/02/2022,595,021481EE01422CE1,MUK QUAN
10/02/2022,596,WJ939727173GB,
10/02/2022,597,SM053453113GB,
10/02/2022,598,MD187916612GB,
10/02/2022,599,T00NWA0029148569,
10/02/2022,600,T00KMA0197667329,
10/02/2022,601,T00KMA0196925883,
10/02/2022,602,1ZV827826894606780,
10/02/2022,603,T00B8A0072614339,
10/02/2022,604,15505169094666,
10/02/2022,605,T00PWA0026588558,
10/02/2022,606,1 KIEN OANHOANH,
10/02/2022,607,21084798688200100037,
10/02/2022,608,21084798688200200034,
10/02/2022,609,0215A2FE01856E40,
10/02/2022,610,MD187916541GB,
10/02/2022,611,QT00NWA0029207250,
10/02/2022,612,JD712805424GB,
10/02/2022,613,T00B8A0072967019,
10/02/2022,614,H00IEA0068910378,
10/02/2022,615,T00P0A0022128641,
10/02/2022,616,T00MTA0037839694,
10/02/2022,617,JJD0002248603364641,
10/02/2022,618,NV200331215GB,
10/02/2022,619,T00KMA0197795510,
10/02/2022,620,T00PLA0106894463,
10/02/2022,621,MA242209339GB,
10/02/2022,622,T00KMA0198459610,
10/02/2022,623,NJ110577365GB,
10/02/2022,624,TZYDXA0010886222,
10/02/2022,625,WD201296903GB,
10/02/2022,626,KB883058878GB,
10/02/2022,627,MA401376425GB,
10/02/2022,628,JD742921724GB,
10/02/2022,629,JA234673409GB,
10/02/2022,630,1 KIEN MUK QUAN,
10/02/2022,631,0212F7CC0103722E,MUK THONG
10/02/2022,632,MA242215847GB,
10/02/2022,633,MA242215820GB,
10/02/2022,634,MA242215759GB,
10/02/2022,635,JJD0002249601517716,
10/02/2022,636,21084838087100100036,
10/02/2022,637,21084843017900300031,
10/02/2022,638,21084864187000100039,
10/02/2022,639,21084843017900100037,
10/02/2022,640,21084843017900200034,
10/02/2022,641,QA1960715041,
10/02/2022,642,QA1962907727,
10/02/2022,643,MD187930177GB,
10/02/2022,644,MD187933258GB,
10/02/2022,645,JJD0002219830338036,
10/02/2022,646,JJD0002219830339916,
10/02/2022,647,JJD0002249599530250,
13/02/2022,648,%0SE83PR15504742507966812826,
13/02/2022,649,%0SE83PR15504742507963812826,
13/02/2022,650,JJD0002249601517692,
13/02/2022,651,FY121396593GB,
13/02/2022,652,MD187949669GB,
13/02/2022,653,MD187948782GB,
13/02/2022,654,T00NWA0029382589,
13/02/2022,655,21084885743700100033,
13/02/2022,656,JD749798050GB,
13/02/2022,657,21284843018000100037,
13/02/2022,658,H00H8A0000798585,
13/02/2022,659,6053053020128323609962001605,
13/02/2022,660,15505453100827,
13/02/2022,661,T00B8A0073253310,
13/02/2022,662,%0SE83PR15502452904691812826,
13/02/2022,663,T00KMA0199699669,
13/02/2022,664,T00NWA0029387375,
13/02/2022,665,T00NWA0029366458,
13/02/2022,666,FY934163166GB,
13/02/2022,667,21014009000000025F99F,BINHBQ
13/02/2022,668,T002VA0471725689,
13/02/2022,669,C00HHA0158930134,
13/02/2022,670,L10023111013252113,
13/02/2022,671,1 KIEN MUK QUAN,
13/02/2022,672,0213C1E201817EF8,MUK QUAN
13/02/2022,673,SN232695790GB,
13/02/2022,674,04363109635942R,
13/02/2022,675,A11213427643,
13/02/2022,676,A11213429163,
13/02/2022,677,A11213432153,
13/02/2022,678,A11213421333,
13/02/2022,679,A11213435163,
13/02/2022,680,TA987344298GB,
13/02/2022,681,0213196C04438E8D,
13/02/2022,682,NY488839067GB,
13/02/2022,683,02118A8C01DBFE76,MUK QUAN
13/02/2022,684,0216E8220365F11A,DATBACHA
13/02/2022,685,SN211053804GB,
13/02/2022,686,JA234675943GB,
13/02/2022,687,QA1962134797,
13/02/2022,688,QA1963541310,
13/02/2022,689,T00P0A0022295745,
13/02/2022,690,T00NWA0029397388,
13/02/2022,691,T00P0A0022332012,
13/02/2022,692,T00B8A0073565537,
13/02/2022,693,T001PA0023645836,
13/02/2022,694,T001PA0023645646,
13/02/2022,695,T00KMA0200509028,
13/02/2022,696,T00B8A0073584602,
13/02/2022,697,T00PWA0026997872,
13/02/2022,698,T00PWA0026995296,
13/02/2022,699,T00PWA0026995424,
13/02/2022,700,T00PWA0027045636,
13/02/2022,701,T001PA0023680513,
13/02/2022,702,T001PA0023671691,
13/02/2022,703,T001PA0023673900,
13/02/2022,704,T001PA0023673710,
13/02/2022,705,T001PA0023687036,
13/02/2022,706,T001PA0023724050,
13/02/2022,707,T001PA0023707256,
13/02/2022,708,T001PA0023682303,
13/02/2022,709,T00H2A0110198160,
13/02/2022,710,SM016953146GB,
13/02/2022,711,%0SE83PR15502452974745812826,
13/02/2022,712,T001PA0023724810,
13/02/2022,713,T002VA0473955474,
13/02/2022,714,T001PA0023708070,
13/02/2022,715,T001PA0023707333,
13/02/2022,716,T001PA0023720975,
13/02/2022,717,T001PA0023675346,
13/02/2022,718,T001PA0023707155,
13/02/2022,719,T001PA0023720800,
13/02/2022,720,T001PA0023672910,
13/02/2022,721,A11213724443,
13/02/2022,722,15505169096981,
13/02/2022,723,%0SE83PR15503027012085812826,
13/02/2022,724,SM016953455GB,
13/02/2022,725,SM036508656GB,
13/02/2022,726,%0SE83PR15976860296305812826,
13/02/2022,727,WU431453355GB,
13/02/2022,728,JF735274273GB,KIEN TEN NUOC NGOAI
13/02/2022,729,JF735275340GB,KIEN TEN NUOC NGOAI
13/02/2022,730,JF735277836GB,KIEN TEN NUOC NGOAI
14/02/2022,731,JJD014600009472130924,
14/02/2022,732,EH406449898GB,
14/02/2022,733,T00PWA0026973719,
14/02/2022,734,T00PWA0027084474,
14/02/2022,735,JJD014600009507147112,
14/02/2022,736,MD187958714GB,
14/02/2022,737,1 KIEN MUK QUAN,
14/02/2022,738,0212D9DB0116CD0D,MUK QUAN
14/02/2022,739,0508DEAEC56,MUK QUAN
14/02/2022,740,15505453102635,
14/02/2022,741,T00P0A0022488732,
14/02/2022,742,1009984559499999960500288158663882,
14/02/2022,743,T00P0A0022418886,
14/02/2022,744,T001PA0023778584,
14/02/2022,745,T00IKA0018821274,
14/02/2022,746,T001PA0023829381,
14/02/2022,747,T0047A0081403003,
14/02/2022,748,T00IKA0018873499,
14/02/2022,749,T00NWA0029542678,
14/02/2022,750,T001PA0023783698,
14/02/2022,751,T001PA0023782848,
14/02/2022,752,T00NWA0029564915,
14/02/2022,753,T00KMA0200409672,
14/02/2022,754,T00B8A0074129332,
14/02/2022,755,T01XHA0000489421,
14/02/2022,756,T001PA0023778469,
14/02/2022,757,37611367,
14/02/2022,758,T00P0A0022422746,
14/02/2022,759,PBTI4764953001,
15/02/2022,760,JJD0002230113035557,
15/02/2022,761,JJD0002230113035556,
15/02/2022,762,JJD0002230113034587,
15/02/2022,763,320457043000364B5A820,HAICHAN
15/02/2022,764,MA401429052GB,
15/02/2022,765,MD187999515GB,
15/02/2022,766,15505169097800,
15/02/2022,767,15505169097808,
15/02/2022,768,FE101354206GB,
15/02/2022,769,WY220785475GB,
15/02/2022,770,15505453103196,
15/02/2022,771,EH406460964GB,
15/02/2022,772,15505169097794,
15/02/2022,773,H0067A0051104354,
15/02/2022,774,T002VA0476276225,
15/02/2022,775,T00KMA0201480356,
15/02/2022,776,T001PA0023725432,
15/02/2022,777,T00IKA0018868765,
15/02/2022,778,T001PA0023977384,
15/02/2022,779,T00P0A0022537939,
15/02/2022,780,T00PWA0027263397,
15/02/2022,781,H01NFA0035462872,
15/02/2022,782,15505169097717,
15/02/2022,783,JJD014600009525185275,
15/02/2022,784,H0205A0002382369,
15/02/2022,785,EH406457965GB,
15/02/2022,786,1025990957249999960500567346040199,
15/02/2022,787,%0SE83PR15504742508393812826,
15/02/2022,788,0216DACB0299D772,
15/02/2022,789,QA1974608025,
17/02/2022,790,T00KMA0203031282,
17/02/2022,791,T002VA0477309948,
17/02/2022,792,T00KMA0203278892,
17/02/2022,793,T00IKA0018987832,
17/02/2022,794,%0SE83PR15503027012596812826,
17/02/2022,795,21085159041100100035,
17/02/2022,796,T00PWA0027397833,
17/02/2022,797,0430565161884890,
17/02/2022,798,%0SE83PR04361199640830101904,
17/02/2022,799,15505169097803,
17/02/2022,800,H008EA0008284630,
17/02/2022,801,JU126367109GB,
17/02/2022,802,2 KIEN MUK QUAN,
17/02/2022,803,0508E18A3C1,MUK QUAN
17/02/2022,804,0508E3E39A4,MUK QUAN
17/02/2022,805,0215B5DE044797AE,MUK THONG
17/02/2022,806,15505169098227,
17/02/2022,807,3703970600011638094F7,HAINCHAN
17/02/2022,808,SM036524407GB,
17/02/2022,809,EH406457965GB,
17/02/2022,810,%0SE83PR15503027012597812826,
17/02/2022,811,T00PWA0027401959,
17/02/2022,812,%0SE83PR15976860956995832826,
17/02/2022,813,T00IKA0018965709,
17/02/2022,814,T00IKA0018809115,
17/02/2022,815,%0SE83PR15505349912465812826,
17/02/2022,816,T00IKA0018991540,
17/02/2022,817,T00B8A0074455941,
17/02/2022,818,T001PA0024083190,
17/02/2022,819,%0SE83PR15504742509881812826,
17/02/2022,820,T00NWA0029802733,
17/02/2022,821,T00NWA0029764642,
17/02/2022,822,T00NWA0029798453,
17/02/2022,823,T00NWA0029815071,
17/02/2022,824,T00NWA0029710055,
17/02/2022,825,%0SE83PR15503801212902812826,
17/02/2022,826,%0SE83PR15503801192741812826,
17/02/2022,827,NY704948868GB,
17/02/2022,828,1 KIEN MUK QUAN,
17/02/2022,829,NJ110630539GB,
17/02/2022,830,JD282626770GB,
17/02/2022,831,15505453104237,
17/02/2022,832,WD696514417GB,
17/02/2022,833,MA401458252GB,
17/02/2022,834,QA1976783555,
17/02/2022,835,QA1979410418,
17/02/2022,836,T00KMA0204563684,
17/02/2022,837,%0SE83PR15505349912779812826,
17/02/2022,838,PN808158443GB,
17/02/2022,839,PN808158443GB,
17/02/2022,840,JC321045306GB,
17/02/2022,841,EH407091157GB,
17/02/2022,842,JH011307004GB,
17/02/2022,843,BN503944524GB,
17/02/2022,844,JF388167023GB,
17/02/2022,845,SN232987798GB,
17/02/2022,846,T01XHA0000494852,
17/02/2022,847,%0SE83PR15504742509952812826,
17/02/2022,848,15505453104208,
17/02/2022,849,21085205374900100034,
17/02/2022,850,21085231421500100034,
19/02/2022,851,%0SE83PR15505349913528812826,
19/02/2022,852,%0SE83PR15505349913651812826,
19/02/2022,853,%0SE83PR15504742510166812826,
19/02/2022,854,T001PA0024276327,
19/02/2022,855,T00IKA0019214797,
19/02/2022,856,MA242272305GB,
19/02/2022,857,T001PA0024275490,
19/02/2022,858,T00NWA0029844438,
19/02/2022,859,T00P0A0022770337,
19/02/2022,860,T00B8A0075336433,
19/02/2022,861,T00KMA0205043316,
19/02/2022,862,%0SE83PR15503833160937812826,
19/02/2022,863,C00HHA0162814893,
19/02/2022,864,WU096928443GB,
19/02/2022,865,1Z2X06A80498196322,
19/02/2022,866,T00IKA0019182332,
19/02/2022,867,T002VA0479521750,
19/02/2022,868,PZ000229368GB,
19/02/2022,869,%0SE83PR15504742510282812826,
19/02/2022,870,021395FF026DF229,
19/02/2022,871,WD304954071GB,
19/02/2022,872,T00PWA0027587684,
19/02/2022,873,%0SE83PR15504233102564832826,
19/02/2022,874,%0SE83PR15504233209394812826,
19/02/2022,875,21085118596700200034,
19/02/2022,876,21085118596700100037,
19/02/2022,877,320302717000367900B5C,
19/02/2022,878,NC313176826GB,
19/02/2022,879,1F047385400002DE32F6F,
19/02/2022,880,15505453105095,
19/02/2022,881,MD188054975GB,
19/02/2022,882,T00P0A0022835335,
19/02/2022,883,MD188039718GB,
19/02/2022,884,%0SE83PR15505349913884812826,
19/02/2022,885,T00NWA0029860379,
19/02/2022,886,21085277754400100036,
19/02/2022,887,21085300316700100030,
19/02/2022,888,21085306823100100033,
19/02/2022,889,15505453104963,
19/02/2022,890,PBZK1350189001,
19/02/2022,891,T00NWA0029964519,
19/02/2022,892,MD188036226GB,
19/02/2022,893,T00P0A0022840805,
19/02/2022,894,T00P0A0022820548,
19/02/2022,895,T00IKA0019271709,
19/02/2022,896,15505453104983,
19/02/2022,897,15505453104915,
19/02/2022,898,T00PWA0027588597,
19/02/2022,899,T002VA0480760420,
19/02/2022,900,T002VA0480679910,
19/02/2022,901,T00NWA0029969216,
19/02/2022,902,T00NWA0029969230,
19/02/2022,903,H008EA0008364767,
19/02/2022,904,JC194956665GB,
19/02/2022,905,T00IKA0019257711,
19/02/2022,906,T002VA0480646339,
19/02/2022,907,MD188037867GB,
19/02/2022,908,H01QFA0002432102,
19/02/2022,909,T00P0A0022839511,
19/02/2022,910,JJD0002219830390722,
19/02/2022,911,T00KMA0206694025,
21/02/2022,912,%0SE83PR15505349914245812826,
21/02/2022,913,%0SE83PR15503027013619812826,
21/02/2022,914,T00IKA0019414791,
21/02/2022,915,SM017032400GB,
21/02/2022,916,SM017031775GB,
21/02/2022,917,WD357579568GB,
21/02/2022,918,T00KMA0206081583,
21/02/2022,919,MA336562978GB,
21/02/2022,920,T00P0A0022893743,
21/02/2022,921,T00KMA0207764998,
21/02/2022,922,T00NWA0029999803,
21/02/2022,923,T00KMA0207101754,
21/02/2022,924,%0SE83PR15505349914146812826,
21/02/2022,925,MD188059292GB,
21/02/2022,926,MD188049437GB,
21/02/2022,927,T00IKA0019419626,
21/02/2022,928,T00IKA0019434731,
21/02/2022,929,FE023674062GB,
21/02/2022,930,T00KMA0206088777,
21/02/2022,931,H008EA0008259651,
21/02/2022,932,T00KMA0207648928,
21/02/2022,933,T002VA0482569781,
21/02/2022,934,T002VA0481562736,
21/02/2022,935,T002VA0481490670,
21/02/2022,936,MA336554818GB,
21/02/2022,937,21085370511100100034,
21/02/2022,938,21085417939900100038,
21/02/2022,939,15505453105701,
21/02/2022,940,21085401184900100031,
21/02/2022,941,JJD0002247144367088,
21/02/2022,942,WD217511715GB,
21/02/2022,943,L10023111013423451,
21/02/2022,944,WD440262133GB,
21/02/2022,945,L10280111002713186,
21/02/2022,946,L10023111013423454,
21/02/2022,947,L10023111013596206,
21/02/2022,948,3B02D51459F,MUK QUAN
21/02/2022,949,L10023111013524371,
21/02/2022,950,L10280111002692864,
21/02/2022,951,QA1981455807,
21/02/2022,952,QA1981741793,
21/02/2022,953,QA1978606592,
21/02/2022,954,4 KIEN MUK QUAN KO TRACKING,
21/02/2022,955,0508E5773E8,MUK QUAN
22/02/2022,956,02123E51010FB6F4,
22/02/2022,957,02180BEC03390532,
22/02/2022,958,0508EE961C5,
22/02/2022,959,T00H2A0112695952,
22/02/2022,960,SM036566605GB,
22/02/2022,961,FE101595136GB,
22/02/2022,962,T001PA0024587403,
22/02/2022,963,T001PA0024596197,
22/02/2022,964,MA401527749GB,
22/02/2022,965,FE101606766GB,
22/02/2022,966,FE101598662GB,
22/02/2022,967,T00H2A0112721961,
22/02/2022,968,T001PA0024593177,
22/02/2022,969,T00B8A0075996164,
22/02/2022,970,T00H2A0112723143,
22/02/2022,971,T00H2A0112697879,
22/02/2022,972,SM036565707GB,
22/02/2022,973,SM036565667GB,
22/02/2022,974,%0SE83PR15505349914550812826,
22/02/2022,975,T00IKA0019590464,
22/02/2022,976,WY183950091GB,
22/02/2022,977,T00B8A0076255482,
22/02/2022,978,15505453106659,
22/02/2022,979,%0SE83PR15504233742210832826,
22/02/2022,980,MD188087483GB,
22/02/2022,981,T00NWA0030129093,
22/02/2022,982,T00PWA0027860658,
22/02/2022,983,WY183950105GB,
22/02/2022,984,15505453106416,
22/02/2022,985,C00HHA0164742929,
22/02/2022,986,%0SE83PR15976862039832832826,
22/02/2022,987,%0SE83PR15505507200393812826,
22/02/2022,988,JD123942549GB,
22/02/2022,989,MA242294779GB,
27/02/2022,990,1025990958299999960500567346118384,
27/02/2022,991,21085473961900100035,
27/02/2022,992,21085450819600100031,
27/02/2022,993,21085473221300100036,
27/02/2022,994,15505453107198,
27/02/2022,995,15505453107065,
27/02/2022,996,%0SE83PR15976862557757832826,
27/02/2022,997,L12612111001593595,
27/02/2022,998,NC313831359GB,
27/02/2022,999,NC313809231GB,
27/02/2022,1000,NC313913645GB,
27/02/2022,1001,NC313814585GB,
27/02/2022,1002,1 KIEN MUK QUAN,
27/02/2022,1003,BN358836387GB,
27/02/2022,1004,QA1991437287,
27/02/2022,1005,JJD014600009559676606,
27/02/2022,1006,WD450156151GB,
27/02/2022,1007,MD188098486GB,
27/02/2022,1008,MA336601331GB,
27/02/2022,1009,MD627874030GB,
27/02/2022,1010,MD627874335GB,
27/02/2022,1011,FY934198491GB,
27/02/2022,1012,FY934200561GB,
27/02/2022,1013,JJD0002219844864933,
27/02/2022,1014,JJD0002219844864936,
27/02/2022,1015,T002VA0485324039,
27/02/2022,1016,T00KMA0209220948,
27/02/2022,1017,T00D3A1510168933,
27/02/2022,1018,T00D3A1510165999,
27/02/2022,1019,T00D3A1510166256,
27/02/2022,1020,T00PWA0028017880,
27/02/2022,1021,050549617,HIENBELFAST
27/02/2022,1022,C00HHA0166280907,
27/02/2022,1023,T00B8A0077298976,
27/02/2022,1024,T00NWA0030276385,
27/02/2022,1025,%0SE83PR15503833311664812826,
27/02/2022,1026,T00H2A0113211872,
27/02/2022,1027,T00H2A0113211543,
27/02/2022,1028,T00B8A0077231849,
27/02/2022,1029,T00D3A1510119485,
27/02/2022,1030,SM017075674GB,
27/02/2022,1031,SM017073571GB,
27/02/2022,1032,FE101724476GB,
27/02/2022,1033,T00E4A1204336071,
27/02/2022,1034,WD039013186GB,
27/02/2022,1035,NL901706236GB,
27/02/2022,1036,1 KIEN MUK QUAN,
27/02/2022,1037,0210EA6E03D9C93F,
27/02/2022,1038,NC314085335GB,
27/02/2022,1039,3202618000013693BE06C,
27/02/2022,1040,019857505322246530,
27/02/2022,1041,NV427927050GB,
27/02/2022,1042,WD441289375GB,
27/02/2022,1043,1811181344607,
27/02/2022,1044,02176444026A3BA7,
27/02/2022,1045,1 KIEN MUK QUAN,
27/02/2022,1046,02147A84016A35D9,
27/02/2022,1047,1 KIEN MUK QUAN,
27/02/2022,1048,050549625,HIENBELFAST
27/02/2022,1049,050549609,HIENBELFAST
27/02/2022,1050,02179B1A01952398,
27/02/2022,1051,KT586219165GB,
27/02/2022,1052,PBZK1411926001,
27/02/2022,1053,%0SE83PR15505143469613832826,
27/02/2022,1054,%0SE83PR15505143083952812826,
27/02/2022,1055,%0SE83PR04361199647990101904,
27/02/2022,1056,15505169101525,
27/02/2022,1057,15505169101294,
27/02/2022,1058,%0SE83PR15501087204129812826,
27/02/2022,1059,QA1990952588,
27/02/2022,1060,%0SE83PR15503833439248812826,
27/02/2022,1061,%0SE83PR15503833439249812826,
27/02/2022,1062,%0SE83PR15503833439250812826,
27/02/2022,1063,%0SE83PR15505349915240812826,
27/02/2022,1064,%0SE83PR15504742511362812826,
27/02/2022,1065,T00KMA0211934426,
27/02/2022,1066,T00IKA0019887134,
27/02/2022,1067,%0SE83PR15976863068424812826,
27/02/2022,1068,H01NGA0004322833,
27/02/2022,1069,T00KMA0210947648,
27/02/2022,1070,H00KQA0013178248,
27/02/2022,1071,T00IKA0019899355,
27/02/2022,1072,T0047A0084160074,
27/02/2022,1073,H0067A0052837120,
27/02/2022,1074,MD188128735GB,
27/02/2022,1075,T00BIA0012587635,
27/02/2022,1076,T00D3A1510209208,
27/02/2022,1077,NV729085443GB,
27/02/2022,1078,0213076F024D2818,
27/02/2022,1079,1 KIEN MUK QUAN,
27/02/2022,1080,%0SE83PR15505143682106832826,
27/02/2022,1081,WD475423255GB,
27/02/2022,1082,WD406744855GB,
27/02/2022,1083,WD639489674GB,
27/02/2022,1084,WD639489674GB,
27/02/2022,1085,WD648887087GB,
27/02/2022,1086,WD431367467GB,
27/02/2022,1087,02134F0001F1E71A,
27/02/2022,1088,02165BC0017A8224,
27/02/2022,1089,15505169101915,
27/02/2022,1090,BN524406432GB,
27/02/2022,1091,T00KMA0210892336,
27/02/2022,1092,T00IKA0019864388,
27/02/2022,1093,21085579848200100039,
27/02/2022,1094,T00IKA0019854971,
27/02/2022,1095,T002VA0487224685,
27/02/2022,1096,QA1995446917,
27/02/2022,1097,QA1994857160,
27/02/2022,1098,QA1994740377,
27/02/2022,1099,QA1992864196,
27/02/2022,1100,15505143854214Z,
27/02/2022,1101,%0SE83PR15505143854363832826,
27/02/2022,1102,%0SE83PR15505143854313832826,
27/02/2022,1103,WL492500275GB,
27/02/2022,1104,JJD0002230113153108,
27/02/2022,1105,FE101729460GB,
27/02/2022,1106,%0SE83PR15503833429480812826,
27/02/2022,1107,MD188144185GB,
27/02/2022,1108,MD188144319GB,
27/02/2022,1109,MD188147173GB,
27/02/2022,1110,MA242342810GB,
27/02/2022,1111,21085613975900100038,
27/02/2022,1112,21085618246400100039,
27/02/2022,1113,15505169102046,
27/02/2022,1114,%0SE83PR15505143853113832826,
27/02/2022,1115,%0SE83PR15505143853071832826,
27/02/2022,1116,T00PWA0028238840,
27/02/2022,1117,%0SE83PR15503750487916812826,
27/02/2022,1118,T00BIA0012621425,
27/02/2022,1119,T00KMA0211942601,
27/02/2022,1120,FE101769720GB,
27/02/2022,1121,FE101769702GB,
27/02/2022,1122,T00KMA0213172787,
27/02/2022,1123,T002VA0488235829,
27/02/2022,1124,T00P0A0023298449,
27/02/2022,1125,MD188147465GB,
27/02/2022,1126,MA401612994GB,
27/02/2022,1127,0213D67703323007,
27/02/2022,1128,SM11131793484380330180F,
27/02/2022,1129,400161889000903FE1ADE,
27/02/2022,1130,NY689605903GB,
27/02/2022,1131,WD317293111GB,
27/02/2022,1132,WD411159108GB,
27/02/2022,1133,WD442140336GB,
27/02/2022,1134,WD442140336GB,
27/02/2022,1135,1 KIEN MUK QUAN,
27/02/2022,1136,0213629F01AD993A,
27/02/2022,1137,021202F6012CD0CC,
27/02/2022,1138,T002VA0489716729,
27/02/2022,1139,T001PA0024960998,
27/02/2022,1140,A11223704333,
27/02/2022,1141,T00PWA0028324968,
27/02/2022,1142,21085630357300100035,
27/02/2022,1143,%0SE83PR15503027014445812826,
27/02/2022,1144,T00IKA0019955797,
28/02/2022,1145,PBTI9885057001,
28/02/2022,1146,PBTI9885131001,
28/02/2022,1147,PBTI9884493001,
28/02/2022,1148,PBTI9884992001,
28/02/2022,1149,PBTI9885162001,
28/02/2022,1150,NC314429932GB,
28/02/2022,1151,1255439562,
28/02/2022,1152,T00B8A0077721658,
28/02/2022,1153,T00PWA0028357563,
28/02/2022,1154,PBIJ8480563001,
28/02/2022,1155,T00B8A0077768719,
28/02/2022,1156,T00KMA0214426573,
28/02/2022,1157,T00B8A0078160445,
28/02/2022,1158,T00D3A1510253972,
28/02/2022,1159,KT586223831GB,
28/02/2022,1160,1ZYW37536894904211,
28/02/2022,1161,0508F618AC0,
28/02/2022,1162,0215FCDA01E8D4EF,
28/02/2022,1163,0214C90B019245DB,
28/02/2022,1164,QA1999163498,
28/02/2022,1165,QA0001032781,
28/02/2022,1166,QA0000800930,
28/02/2022,1167,QA1998778446,
28/02/2022,1168,QA0000994090,
28/02/2022,1169,QA0000776423,
01/03/2022,1170,PBUX0828171001,
01/03/2022,1171,PBUX0828171002,
01/03/2022,1172,T00KMA0213553999,
01/03/2022,1173,T00B8A0078547166,
01/03/2022,1174,PBCB0526437001,
01/03/2022,1175,RC243912521IT,
01/03/2022,1176,WU621787978GB,
01/03/2022,1177,MD627926956GB,
01/03/2022,1178,MD627926942GB,
01/03/2022,1179,MD627936587GB,
01/03/2022,1180,MD627926616GB,
01/03/2022,1181,MD188186662GB,
01/03/2022,1182,MD627926602GB,
01/03/2022,1183,MD627927611GB,
01/03/2022,1184,MA336672823GB,
01/03/2022,1185,MD188187549GB,
01/03/2022,1186,MA336672845GB,
01/03/2022,1187,MA336659552GB,
01/03/2022,1188,MA336672854GB,
01/03/2022,1189,1Z926VA10400016612,
01/03/2022,1190,TC815983055GB,
01/03/2022,1191,L10023111013955981,
01/03/2022,1192,UT102014946NL,
01/03/2022,1193,1 KIEN MUK QUAN,
01/03/2022,1194,02158BA80325F926,
01/03/2022,1195,0508F7FED97,
01/03/2022,1196,1Z5804806803015802,
01/03/2022,1197,1Z5804806803015811,
01/03/2022,1198,1Z5804806803015759,
01/03/2022,1199,%0SE83PR15505377847985812826,
01/03/2022,1200,%0SE83PR15976863727132812826,
05/03/2022,1201,QA0000824209,
05/03/2022,1202,QA0003081019,
05/03/2022,1203,JJD0002230113184384,
05/03/2022,1204,WD086770167GB,
05/03/2022,1205,%0SE83PR15505377996577832826,
05/03/2022,1206,T00PWA0028560970,
05/03/2022,1207,WL503357492GB,
05/03/2022,1208,H01NFA0037397128,
05/03/2022,1209,15505169104037,
05/03/2022,1210,0216790901150ECE,
05/03/2022,1211,PBIK0463842001,
05/03/2022,1212,BN349222187GB,
05/03/2022,1213,0508F9D95E5,
05/03/2022,1214,2 KIEN MUK QUAN,
05/03/2022,1215,0400B9F9293,
05/03/2022,1216,UV072774455DE,
05/03/2022,1217,WD570953784GB,
05/03/2022,1218,0508FB837D2,
05/03/2022,1219,021235A702EE3C7C,
05/03/2022,1220,1 KIEN MUK THONG,
05/03/2022,1221,C00HHA0172718310,
05/03/2022,1222,JJD000298402003374099,
05/03/2022,1223,%0SE83PR15505227206415812826,
05/03/2022,1224,MA336688681GB,
05/03/2022,1225,%0SE83PR15505349915607812826,
05/03/2022,1226,%0SE83PR15505349915609812826,
05/03/2022,1227,C00HHA0171606273,
05/03/2022,1228,1ZV827826891465116,
05/03/2022,1229,UV072667195DE,
05/03/2022,1230,UT103866344NL,
05/03/2022,1231,BN539872387GB,
05/03/2022,1232,0400B9F9EEC,
05/03/2022,1233,SF892493249GB,
05/03/2022,1234,1 KIEN MUK QUAN,
05/03/2022,1235,1ZV827826897223321,
05/03/2022,1236,BN427904411GB,
05/03/2022,1237,WL500211520GB,
05/03/2022,1238,T001PA0025303416,
05/03/2022,1239,T001PA0025316235,
05/03/2022,1240,T001PA0025318520,
05/03/2022,1241,T001PA0025312097,
05/03/2022,1242,15505169105144,
05/03/2022,1243,WY184245317GB,
05/03/2022,1244,WL492116459GB,
05/03/2022,1245,T00KMA0217466277,
05/03/2022,1246,T002VA0494007038,
05/03/2022,1247,T002VA0494329915,
05/03/2022,1248,QA0004558502,
05/03/2022,1249,RB01100100402896,
05/03/2022,1250,T00P0A0023565749,
05/03/2022,1251,T00NWA0030870676,
05/03/2022,1252,T001PA0025307731,
05/03/2022,1253,%0SE83PR15505471872628812826,
05/03/2022,1254,MD188220430GB,
05/03/2022,1255,PBAH8615141001,
05/03/2022,1256,WD661225573GB,
05/03/2022,1257,T00PWA0028697347,
05/03/2022,1258,%0SE83PR15976864207131832826,
05/03/2022,1259,WL503429659GB,
05/03/2022,1260,0214E2F701735D05,
05/03/2022,1261,H0067A0053562344,
05/03/2022,1262,%0SE83PR15976864005624812826,
05/03/2022,1263,1Z2X06A80498049802,
05/03/2022,1264,21085831822200100036,
05/03/2022,1265,21085768529200100039,
05/03/2022,1266,PBHW4491614001,
05/03/2022,1267,PBCB0526437001,
05/03/2022,1268,%0SE83PR15976864434804812826,
05/03/2022,1269,15505453112466,
05/03/2022,1270,A11227792553,
05/03/2022,1271,T00B8A0079011871,
05/03/2022,1272,1Z61R8X76899977447,
05/03/2022,1273,PBCB2418041001,
05/03/2022,1274,MD188235902GB,
05/03/2022,1275,T00NWA0030975565,
05/03/2022,1276,T00NWA0030976365,
05/03/2022,1277,T00NWA0030975882,
05/03/2022,1278,QA0007508849,
05/03/2022,1279,QA0008142193,
05/03/2022,1280,H00EZA0014239289,
05/03/2022,1281,T001PA0025394621,
05/03/2022,1282,1ZW7V3166891864870,
05/03/2022,1283,WD422118988GB,
05/03/2022,1284,T00PWA0028829413,
05/03/2022,1285,%0SE83PR15503027016191812826,
05/03/2022,1286,T00IKA0020444557,
05/03/2022,1287,15504742513127W,
05/03/2022,1288,WY243448088GB,
05/03/2022,1289,15505169106383,
05/03/2022,1290,T00KMA0217292038,
05/03/2022,1291,PBCB2418191001,
05/03/2022,1292,H01NFA0037893827,
05/03/2022,1293,T00PWA0028892416,
05/03/2022,1294,T001PA0025479835,
05/03/2022,1295,T001PA0025479645,
05/03/2022,1296,T001PA0025485941,
05/03/2022,1297,21085890911100100031,
05/03/2022,1298,PBZK1530512001,
05/03/2022,1299,H00KDA0005614692,
05/03/2022,1300,SM017215601GB,
05/03/2022,1301,SM017215629GB,
05/03/2022,1302,SM017215629GB,
05/03/2022,1303,SM017215589GB,
05/03/2022,1304,SM017215717GB,
05/03/2022,1305,SM017215677GB,
05/03/2022,1306,SM017215677GB,
05/03/2022,1307,SM017215694GB,
05/03/2022,1308,SM017215819GB,
05/03/2022,1309,SM017215819GB,
05/03/2022,1310,MD188250502GB,
05/03/2022,1311,MD188250927GB,
05/03/2022,1312,PBCB2446161001,
05/03/2022,1313,%0SE83PR15503750495767812826,
05/03/2022,1314,A11229018623,
05/03/2022,1315,T00PWA0028877286,
05/03/2022,1316,WU621895164GB,
05/03/2022,1317,SM017215650GB,
05/03/2022,1318,SM017215632GB,
05/03/2022,1319,T00IKA0020488787,
05/03/2022,1320,T00IKA0020488852,
05/03/2022,1321,T00IKA0020533342,
05/03/2022,1322,T00IKA0020489171,
05/03/2022,1323,T00IKA0020517083,
05/03/2022,1324,T00IKA0020545664,
05/03/2022,1325,MA336720299GB,
05/03/2022,1326,JJD0002210427602460,
05/03/2022,1327,PBCB2417942001,
05/03/2022,1328,PBCB2446113001,
07/03/2022,1329,21085929829900100032,
07/03/2022,1330,%0SE83PR15505169107939812826,
07/03/2022,1331,15505169107942,
07/03/2022,1332,15505169107782,
07/03/2022,1333,T001PA0025567111,
07/03/2022,1334,SM017222766GB,
07/03/2022,1335,SM017222925GB,
07/03/2022,1336,MD188259926GB,
07/03/2022,1337,%0SE83PR15505349916081812826,
07/03/2022,1338,T00KMA0219528562,
07/03/2022,1339,T001PA0025563098,
07/03/2022,1340,T00PWA0028914832,
07/03/2022,1341,PBCB2650803001,
07/03/2022,1342,MD627985645GB,
07/03/2022,1343,MD188275288GB,
07/03/2022,1344,SM017234512GB,
07/03/2022,1345,15505453113591,
07/03/2022,1346,%0SE83PR15504742514000812826,
07/03/2022,1347,L10306111000179418,
07/03/2022,1348,WY243468618GB,
07/03/2022,1349,T00H2A0116981941,
07/03/2022,1350,%0SE83PR15504742513516812826,
07/03/2022,1351,PBCB2650879001,
07/03/2022,1352,T00H2A0116977512,
07/03/2022,1353,T00IKA0020659134,
07/03/2022,1354,SM017234557GB,
07/03/2022,1355,T00IKA0020656758,
07/03/2022,1356,QP847065981GB,
07/03/2022,1357,WD359774750GB,
07/03/2022,1358,WD273066105GB,
07/03/2022,1359,L10023111014171203,
07/03/2022,1360,WD418829292GB,
07/03/2022,1361,PBCB2651018001,
07/03/2022,1362,T00NWA0031111732,
07/03/2022,1363,T00NWA0031098869,
07/03/2022,1364,H00KDA0005628158,
07/03/2022,1365,T00D3A1510514748,
07/03/2022,1366,MD188269384GB,
07/03/2022,1367,JH069815022GB,
07/03/2022,1368,QA0017370119,
07/03/2022,1369,A11230289333,
07/03/2022,1370,QA0017497747,
07/03/2022,1371,0211C921028C2F5D,
07/03/2022,1372,3722D31C6,MUK QUAN
07/03/2022,1373,02138F7C0232D02B,
07/03/2022,1374,0212B4FD0332A49C,
07/03/2022,1375,1 KIEN MUK QUAN,
07/03/2022,1376,0210C74F013A2B6F,
07/03/2022,1377,0213FF13431EA1BE,
07/03/2022,1378,021A2772022A0FE1,
07/03/2022,1379,3703970600011689104BA,
07/03/2022,1380,02113C6A02764963,
07/03/2022,1381,370212454000168E9891E,
07/03/2022,1382,021420B70354B3B9,
07/03/2022,1383,MD627984052GB,
08/03/2022,1384,6053053020128326695520001605,
08/03/2022,1385,%0SE83PR15505349915919812826,
08/03/2022,1386,2LGBSE83PR+46000000,
08/03/2022,1387,%0SE83PR15504334566854812826,
08/03/2022,1388,%0SE83PR15504334566855812826,
08/03/2022,1389,PBCB3456531001,
08/03/2022,1390,%0SE83PR15503836233419832826,
08/03/2022,1391,WU097142698GB,
08/03/2022,1392,SM036656734GB,
08/03/2022,1393,SM050394985GB,
08/03/2022,1394,SM036656663GB,
08/03/2022,1395,SM050394994GB,
08/03/2022,1396,%0SE83PR15504334566853812826,
08/03/2022,1397,NY704136745GB,
08/03/2022,1398,NC315203555GB,
08/03/2022,1399,JJD0002230113238218,
08/03/2022,1400,PBZK1537728001,
08/03/2022,1401,T00KMA0220908472,
08/03/2022,1402,SM036658085GB,
08/03/2022,1403,1 KIEN PHUONGMINIE MỜ,
08/03/2022,1404,PBCB3456647001,
08/03/2022,1405,SM036656685GB,
08/03/2022,1406,T00H2A0116982486,
08/03/2022,1407,SM036658103GB,
08/03/2022,1408,T001PA0025739469,
08/03/2022,1409,QA0021370607,
08/03/2022,1410,15505169109666,
08/03/2022,1411,NY844974577GB,
08/03/2022,1412,QP847909935GB,
08/03/2022,1413,WL503731422GB,
08/03/2022,1414,%0SE83PR15504665691278832826,
11/03/2022,1415,WD674822708GB,
11/03/2022,1416,0509038A03F,
11/03/2022,1417,021261D101F1476F,
11/03/2022,1418,NE091760573GB,
11/03/2022,1419,UA213486887DE,
11/03/2022,1420,0213FF13039E1543,
11/03/2022,1421,L10023111014422666,
11/03/2022,1422,1 KIEN MUK QUAN,
11/03/2022,1423,050903309CD,
11/03/2022,1424,WU234009653GB,
11/03/2022,1425,WD650616162GB,
11/03/2022,1426,BN467591773GB,
11/03/2022,1427,2D0426786000000344896,
11/03/2022,1428,T00B8A0080933804,
11/03/2022,1429,%0SE83PR15503836509838832826,
11/03/2022,1430,%0SE83PR15503836696525832826,
11/03/2022,1431,QA0018898395,
11/03/2022,1432,T00IKA0020889799,
11/03/2022,1433,%0SE83PR15504742514871812826,
11/03/2022,1434,6053053020128326695520001605,
11/03/2022,1435,1ZW584746899100112,
11/03/2022,1436,A11233189613,
11/03/2022,1437,T001PA0025963680,
11/03/2022,1438,T001PA0025971257,
11/03/2022,1439,T00A8A0004220658,
11/03/2022,1440,MA336767676GB,
11/03/2022,1441,T00NWA0031389551,
11/03/2022,1442,%0SE83PR15505227236083812826,
11/03/2022,1443,T00A8A0004244040,
11/03/2022,1444,H01NFA0038547748,
11/03/2022,1445,H01NFA0038523394,
11/03/2022,1446,0509065D337,
11/03/2022,1447,BN353838899GB,
11/03/2022,1448,WY252302449GB,
11/03/2022,1449,%0SE83PR15976865541726812826,
11/03/2022,1450,PBZK1620116001,
11/03/2022,1451,%0SE83PR15505453117964812826,
11/03/2022,1452,%0SE83PR15505453117433812826,
11/03/2022,1453,%0SE83PR15503117020018811826,
11/03/2022,1454,H00RVA0104992556,
11/03/2022,1455,%0SE83PR15503836781524812826,
11/03/2022,1456,QA0022257669,
11/03/2022,1457,0211C52E04D1AA42,
11/03/2022,1458,NC315382882GB,
11/03/2022,1459,L12612111001706066,
11/03/2022,1460,3B02E102A20,
11/03/2022,1461,021476C402813659,
11/03/2022,1462,WD459712642GB,
11/03/2022,1463,%0SE83PR15505534323392812826,
11/03/2022,1464,%0SE83PR15505453118610812826,
11/03/2022,1465,%0SE83PR15505169112946812826,
11/03/2022,1466,SM017284434GB,
11/03/2022,1467,SM017284301GB,
11/03/2022,1468,MD628030777GB,
11/03/2022,1469,T00IKA0021121263,
11/03/2022,1470,%0SE83PR15503027018345812826,
11/03/2022,1471,%0SE83PR15503027018338812826,
11/03/2022,1472,%0SE83PR15504742515267812826,
11/03/2022,1473,T00KMA0223594769,
11/03/2022,1474,WU811200248GB,
11/03/2022,1475,WU811200185GB,
11/03/2022,1476,11074E5E0AC,
11/03/2022,1477,2 KIEN MUK QUAN,
11/03/2022,1478,T00IKA0021121340,
11/03/2022,1479,T001PA0026056905,
11/03/2022,1480,MD032204773GB,
11/03/2022,1481,%0SE83PR15505349916661812826,
11/03/2022,1482,T00NWA0031504987,
12/03/2022,1483,ASE8 341972510008686001,
12/03/2022,1484,C00HHA0179757701,
12/03/2022,1485,H008EA0008950176,
12/03/2022,1486,T001PA0026111307,
12/03/2022,1487,T00IKA0021180976,
12/03/2022,1488,T00IKA0021185825,
12/03/2022,1489,T00IKA0021167904,
12/03/2022,1490,%0SE83PR15504742515609812826,
12/03/2022,1491,%0SE83PR15504742515690812826,
12/03/2022,1492,%0SE83PR15976866441220812826,
12/03/2022,1493,%0SE83PR15976866546244832826,
12/03/2022,1494,WU097195191GB,
12/03/2022,1495,L10023111014563422,
12/03/2022,1496,110751FA506,
12/03/2022,1497,0210339148161A0B,
12/03/2022,1498,0211FF1C029CD1F1,
12/03/2022,1499,WJ792677474GB,
12/03/2022,1500,WU959047719GB,
12/03/2022,1501,37045849900016B795F02,
12/03/2022,1502,T00IKA0021160405,
14/03/2022,1503,T00KMA0225392573,
14/03/2022,1504,T00KMA0225098517,
14/03/2022,1505,T00KMA0225264116,
14/03/2022,1506,MD671992331GB,
14/03/2022,1507,T00IKA0021264176,
14/03/2022,1508,T00IKA0021259593,
14/03/2022,1509,QA0031982302,
14/03/2022,1510,T00IKA0021282605,
14/03/2022,1511,%0SE83PR15503027019111812826,
14/03/2022,1512,%0SE83PR15503027019173812826,
14/03/2022,1513,%0SE83PR15503027018898812826,
14/03/2022,1514,%0SE83PR15504742515977812826,
14/03/2022,1515,%0SE83PR15504742516098812826,
14/03/2022,1516,%0SE83PR15503027018867812826,
14/03/2022,1517,%0SE83PR15503027019018812826,
14/03/2022,1518,%0SE83PR15503027019194812826,
14/03/2022,1519,%0SE83PR15503027019074812826,
14/03/2022,1520,SM050435827GB,
14/03/2022,1521,SM050435889GB,
14/03/2022,1522,SM050435835GB,
14/03/2022,1523,PBCB5510102001,
14/03/2022,1524,WU505612224GB,
14/03/2022,1525,T00PWA0029622036,
14/03/2022,1526,QA0031344797,
14/03/2022,1527,T000VA0032676679,
14/03/2022,1528,WY221435564GB,
14/03/2022,1529,T00P0A0024465433,
14/03/2022,1530,QP955711336GB,
14/03/2022,1531,SM050436822GB,
14/03/2022,1532,PBCB5509930001,
14/03/2022,1533,%0SE83PR15504742516083812826,
14/03/2022,1534,0211D1640259ACE4,
14/03/2022,1535,T00MTA0042878150,
14/03/2022,1536,SM050437955GB,
14/03/2022,1537,JJD0002219830519423,
14/03/2022,1538,T00IKA0021360411,
14/03/2022,1539,%0SE83PR15505349916785812826,
14/03/2022,1540,T00IKA0021386073,
14/03/2022,1541,T00IKA0021265510,
14/03/2022,1542,05090CC8EE6,
14/03/2022,1543,%0SE83PR15505453121682812826,
14/03/2022,1544,T00IKA0021351703,
14/03/2022,1545,%0SE83PR15505453121679812826,
14/03/2022,1546,T00IKA0021271830,
14/03/2022,1547,QA0033068055,
14/03/2022,1548,%0SE83PR15505534941546812826,
14/03/2022,1549,PBCB5397495001,
14/03/2022,1550,%0SE83PR15505349916823812826,
14/03/2022,1551,%0SE83PR15503027019505812826,
14/03/2022,1552,WU811731056GB,
14/03/2022,1553,000002097989,
14/03/2022,1554,%0SE83PR15504742516209812826,
14/03/2022,1555,T00IKA0021344861,
14/03/2022,1556,T00IKA0021343629,
14/03/2022,1557,%0SE83PR15505453121167812826,
14/03/2022,1558,T00KMA0225087766,
14/03/2022,1559,T00IKA0021382493,
14/03/2022,1560,T00IKA0021245758,
14/03/2022,1561,PBCB5397266001,
14/03/2022,1562,%0SE83PR15503027019566812826,
14/03/2022,1563,JJD0002251415118440,
14/03/2022,1564,T001PA0026302059,
14/03/2022,1565,T00NWA0031780551,
14/03/2022,1566,T00NWA0031672451,
14/03/2022,1567,T00IKA0021398559,
14/03/2022,1568,SM050440773GB,
14/03/2022,1569,QA0032983423,
14/03/2022,1570,PBCB5397221001,
14/03/2022,1571,T00NWA0031714778,
14/03/2022,1572,JD759648148GB,
14/03/2022,1573,SM050440844GB,
17/03/2022,1574,PBCB5862055001,
17/03/2022,1575,%0SE83PR15503027019695812826,
17/03/2022,1576,1ZV827Y16819053307,
17/03/2022,1577,%0SE83PR15976866862668832826,
17/03/2022,1578,%0SE83PR15505453122386812826,
17/03/2022,1579,MD672020519GB,
17/03/2022,1580,SM017327789GB,
17/03/2022,1581,SM017327789GB,
17/03/2022,1582,SM017327846GB,
17/03/2022,1583,MD672026613GB,
17/03/2022,1584,%0SE83PR15505453122311812826,
17/03/2022,1585,%0SE83PR15505453122572812826,
17/03/2022,1586,%0SE83PR15976661961845831826,
17/03/2022,1587,021574B301B883C5,
17/03/2022,1588,%0SE83PR15976866673560832826,
17/03/2022,1589,T00H2A0119627398,
17/03/2022,1590,T00B8A0082500671,
17/03/2022,1591,MD628062341GB,
17/03/2022,1592,T00KMA0225403566,
17/03/2022,1593,PBCB5862078001,
17/03/2022,1594,T000VA0032920767,
17/03/2022,1595,T00P0A0024654460,
17/03/2022,1596,T00IKA0021451868,
17/03/2022,1597,T00IKA0021260104,
17/03/2022,1598,%0SE83PR11706862659518101826,
17/03/2022,1599,T00PWA0029735617,
17/03/2022,1600,JJD0002230113297470,
17/03/2022,1601,KB857316004GB,
17/03/2022,1602,T00IKA0021450498,
17/03/2022,1603,FE083035433GB,
17/03/2022,1604,T00KMA0227221841,
17/03/2022,1605,T00KMA0226859586,
17/03/2022,1606,H0067A0055988007,
17/03/2022,1607,T00IKA0021552987,
17/03/2022,1608,%0SE83PR15505349917292812826,
17/03/2022,1609,QA0038119171,
17/03/2022,1610,QA0035987761,
17/03/2022,1611,T00IKA0021445916,
17/03/2022,1612,PBCB6341379001,
17/03/2022,1613,PBZK1727792001,
17/03/2022,1614,%0SE83PR15502291063282812826,
17/03/2022,1615,WU811731161GB,
17/03/2022,1616,%0SE83PR15505169118200812826,
17/03/2022,1617,WM872917669GB,
17/03/2022,1618,02131F0B02316851,
17/03/2022,1619,H01NFA0039229163,
17/03/2022,1620,%0SE83PR15505169118697812826,
17/03/2022,1621,T00PWA0029763589,
17/03/2022,1622,JC335113638GB,
17/03/2022,1623,%0SE83PR15503750516836812826,
17/03/2022,1624,%0SE83PR15503750512297812826,
17/03/2022,1625,QA0035337387,
17/03/2022,1626,QA0033609471,
17/03/2022,1627,0509103DF16,
17/03/2022,1628,BN472433792GB,
17/03/2022,1629,0214F2D501030B85,
17/03/2022,1630,PBCB5862118001,
17/03/2022,1631,0509102DC28,
17/03/2022,1632,NE052958234GB,
17/03/2022,1633,0213702101A3CDE0,
17/03/2022,1634,WD304439780GB,
17/03/2022,1635,WD304439780GB,
17/03/2022,1636,GK619687185GB,
17/03/2022,1637,UT110868005NL,
17/03/2022,1638,ME847179065GB,
17/03/2022,1639,TA894323993GB,
17/03/2022,1640,TA894330521GB,
17/03/2022,1641,TA894323715GB,
17/03/2022,1642,%0SE83PR15502291057520812826,
17/03/2022,1643,FE061822393GB,
17/03/2022,1644,0509111A276,
17/03/2022,1645,H01LUA0040664623,
17/03/2022,1646,H01WKA0004775536,
17/03/2022,1647,WL505519431GB,
17/03/2022,1648,WD111010236GB,
17/03/2022,1649,%0SE83PR15505169119526812826,
17/03/2022,1650,%0SE83PR15505169120265812826,
17/03/2022,1651,%0SE83PR15505453123818812826,
17/03/2022,1652,%0SE83PR15505453123967812826,
17/03/2022,1653,GQ236345785GB,
17/03/2022,1654,T01VGA0005361383,
17/03/2022,1655,H008EA0009054761,
17/03/2022,1656,T00KMA0227833583,
17/03/2022,1657,T00KMA0227718919,
17/03/2022,1658,T00B8A0083078942,
17/03/2022,1659,T00KMA0228038259,
17/03/2022,1660,0210F9C101C3A9D2,
17/03/2022,1661,155030270201191,
17/03/2022,1662,PBCB6346141001,
17/03/2022,1663,T00PWA0029926460,
17/03/2022,1664,1025990967399999960500571998605650,
17/03/2022,1665,PBZK1736065001,
17/03/2022,1666,T00MTA0043206653,
17/03/2022,1667,%0SE83PR15502291057519812826,
17/03/2022,1668,%0SE83PR15505349917443812826,
17/03/2022,1669,%0SE83PR15504742517552812826,
17/03/2022,1670,ASE8 341599940024386001,
17/03/2022,1671,WU506060377GB,
17/03/2022,1672,%0SE83PR15976866842822812826,
17/03/2022,1673,1ZV827V16822401620,
17/03/2022,1674,T00D4A1510837263,
17/03/2022,1675,A11238629503,
17/03/2022,1676,A11224602933,
17/03/2022,1677,%0SE83PR15976866842822812826,
17/03/2022,1678,A11234624833,
17/03/2022,1679,NY828583008GB,
17/03/2022,1680,WD201369092GB,
17/03/2022,1681,T00MTA0043060021,
17/03/2022,1682,PBCB6345662001,
17/03/2022,1683,PBCB6976292001,
20/03/2022,1684,MD672064832GB,
20/03/2022,1685,021297C502055093,
20/03/2022,1686,1255449088,
20/03/2022,1687,KB894901440GB,
20/03/2022,1688,JC335119865GB,
20/03/2022,1689,050913DA6FA,
20/03/2022,1690,UT117669199NL,
20/03/2022,1691,BN094489320GB,
20/03/2022,1692,UT112178431NL,
20/03/2022,1693,WD147095468GB,
20/03/2022,1694,0212674403E669C2,
20/03/2022,1695,050912D15B8,
20/03/2022,1696,%0SE83PR15503750518204812826,
20/03/2022,1697,TA894355470GB,
20/03/2022,1698,T00IKA0021720718,
20/03/2022,1699,ASOS012229701,
20/03/2022,1700,T00IKA0021677690,
20/03/2022,1701,TA894356104GB,
20/03/2022,1702,TA894363255GB,
20/03/2022,1703,TA894363595GB,
20/03/2022,1704,T00P0A0025021725,
20/03/2022,1705,T00KMA0228821755,
20/03/2022,1706,T00IKA0021622126,
20/03/2022,1707,T00IKA0021780144,
20/03/2022,1708,T00IKA0021726188,
20/03/2022,1709,T00P0A0024956749,
20/03/2022,1710,JJD0002249294926824,
20/03/2022,1711,JJD0002230113327431,
20/03/2022,1712,T0047A0089509702,
20/03/2022,1713,%0SE83PR15505453125258812826,
20/03/2022,1714,%0SE83PR15502291139833812826,
20/03/2022,1715,MD672070271GB,
20/03/2022,1716,SM050484139GB,
20/03/2022,1717,WY246053994GB,
20/03/2022,1718,QA0042889198,
20/03/2022,1719,%0SE83PR15505453125120812826,
20/03/2022,1720,%0SE83PR15505453124406812826,
20/03/2022,1721,%0SE83PR15505453124201812826,
20/03/2022,1722,%0SE83PR15505169120755812826,
20/03/2022,1723,T0047A0089457410,
20/03/2022,1724,%0SE83PR15505453125247812826,
20/03/2022,1725,QA0040776692,
20/03/2022,1726,WU506060363GB,
20/03/2022,1727,%0SE83PR15503750518205812826,
20/03/2022,1728,%0SE83PR15976866842822812826,
20/03/2022,1729,%0SE83PR15505989581456812826,
20/03/2022,1730,VY813304753GB,
20/03/2022,1731,%0SE83PR15505453125370812826,
20/03/2022,1732,FM531447675GB,
20/03/2022,1733,TA894391242GB,
20/03/2022,1734,T00KMA0229505390,
20/03/2022,1735,T00PWA0030056862,
20/03/2022,1736,T00PWA0030063057,
20/03/2022,1737,T00PWA0030056874,
20/03/2022,1738,WD254724731GB,
20/03/2022,1739,NY842146961GB,
20/03/2022,1740,1 KIEN MUK QUAN,
20/03/2022,1741,%0SE83PR15505991026815832826,
20/03/2022,1742,15505169121401,
20/03/2022,1743,15505169120881,
20/03/2022,1744,15505453126170,
20/03/2022,1745,A11240173363,
20/03/2022,1746,C00HHA0183173711,
20/03/2022,1747,WD454745215GB,
20/03/2022,1748,9816813111470022,
20/03/2022,1749,02100DAD0109080B,
20/03/2022,1750,%0SE83PR15505169121191812826,
20/03/2022,1751,%0SE83PR15505989830556812826,
20/03/2022,1752,%0SE83PR15505169122605812826,
20/03/2022,1753,T00D3A1510919431,
20/03/2022,1754,PBZK1774112001,
20/03/2022,1755,T00IKA0021828588,
20/03/2022,1756,%0SE83PR15976867665387832826,
20/03/2022,1757,JJD0002219830554069,
20/03/2022,1758,JJD0002219830554068,
20/03/2022,1759,T00IKA0021821279,
20/03/2022,1760,PBZK1776524001,
20/03/2022,1761,%0SE83PR15505453125491812826,
20/03/2022,1762,T00P0A0025114619,
20/03/2022,1763,JJD0002219830554070,
20/03/2022,1764,T00P0A0025179449,
20/03/2022,1765,%0SE83PR15504742518296812826,
20/03/2022,1766,MD672086444GB,
20/03/2022,1767,%0SE83PR15505169122987812826,
20/03/2022,1768,H01REA0000820241,
20/03/2022,1769,%0SE83PR15505169121493812826,
20/03/2022,1770,T001PA0026744978,
20/03/2022,1771,T001PA0026703275,
20/03/2022,1772,H0067A0056719605,
20/03/2022,1773,T00KMA0231057886,
20/03/2022,1774,T00KMA0229433715,
20/03/2022,1775,T00KMA0231021588,
20/03/2022,1776,%0SE83PR15504742518311812826,
20/03/2022,1777,%0SE83PR15505169121492812826,
20/03/2022,1778,%0SE83PR15505989581454816826,
21/03/2022,1779,H01NFA0039653958,
21/03/2022,1780,H01NFA0039647931,
21/03/2022,1781,WU812736032GB,
21/03/2022,1782,WU812735916GB,
21/03/2022,1783,T00IKA0021913060,
21/03/2022,1784,T00B8A0083662167,
21/03/2022,1785,T00KMA0228790063,
21/03/2022,1786,T00B8A0083681371,
21/03/2022,1787,WD364119828GB,
21/03/2022,1788,WDSCg=X/9GB,
21/03/2022,1789,0215F8B543088D90,
21/03/2022,1790,WD156439192GB,
21/03/2022,1791,UT112130323NL,
21/03/2022,1792,02146E070172E084,
21/03/2022,1793,0213E9FF02C08848,
21/03/2022,1794,07015847EA3,
21/03/2022,1795,05091629DAA,
21/03/2022,1796,T00IKA0021916422,
21/03/2022,1797,WY221698747GB,
21/03/2022,1798,T00IKA0021989273,
21/03/2022,1799,T01Y5A0000564804,
21/03/2022,1800,T002VA0515753629,
21/03/2022,1801,%0SE83PR15503027021298812826,
21/03/2022,1802,H01NFA0039707915,
21/03/2022,1803,1Z3983AF6815445009,
21/03/2022,1804,T00IKA0021973484,
21/03/2022,1805,15505453126903,
21/03/2022,1806,15505453128154,
21/03/2022,1807,QA0045903145,
21/03/2022,1808,1Z71X22VDK03713721,
21/03/2022,1809,%0SE83PR15504742518714812826,
21/03/2022,1810,JJD0002219830565104,
21/03/2022,1811,ASE8 331515280643030001,
21/03/2022,1812,1ZV827826899013456,
21/03/2022,1813,1Z71X22VDK03732899,
21/03/2022,1814,MD672095049GB,
22/03/2022,1815,A11241495673,
22/03/2022,1816,A11241507633,
22/03/2022,1817,6053053020128328469536001605,
22/03/2022,1818,T00KMA0232060581,
22/03/2022,1819,3716813175615123,
22/03/2022,1820,BH636084777GB,
22/03/2022,1821,QA0050937524,
22/03/2022,1822,WD409573903GB,
22/03/2022,1823,NY835616642GB,
22/03/2022,1824,L10023111014853432,
22/03/2022,1825,NE019401354GB,
22/03/2022,1826,L12612111001763312,
22/03/2022,1827,NY521659790GB,
22/03/2022,1828,007390917734,
22/03/2022,1829,PBZK1787782001,
22/03/2022,1830,PBZK1821047001,
22/03/2022,1831,15505169124732,
22/03/2022,1832,QA0050849838,
22/03/2022,1833,T00KMA0232125058,
22/03/2022,1834,PBZK1824216001,
22/03/2022,1835,PBZK1825004001,
22/03/2022,1836,T00IKA0022064197,
22/03/2022,1837,15505169124060,
22/03/2022,1838,15505169123240,
22/03/2022,1839,TA894477155GB,
22/03/2022,1840,MD672104939GB,
22/03/2022,1841,T002VA0517158427,
22/03/2022,1842,%0SE83PR15505169124065812826,
22/03/2022,1843,%0SE83PR15505169123941812826,
22/03/2022,1844,T00B8A0084394626,
22/03/2022,1845,T00IKA0022014142,
22/03/2022,1846,T00IKA0022086953,
22/03/2022,1847,T00IKA0021990288,
22/03/2022,1848,15505169123959,
24/03/2022,1849,T00BIA0013199544,
24/03/2022,1850,T00BIA0013203975,
24/03/2022,1851,T00BIA0013190510,
24/03/2022,1852,T00BIA0013202303,
24/03/2022,1853,WL492815257GB,
24/03/2022,1854,T00IKA0022077764,
24/03/2022,1855,WU938365328GB,
24/03/2022,1856,JJD0002247439871444,
24/03/2022,1857,%0SE83PR15505453131380812826,
24/03/2022,1858,%0SE83PR04363110499476328904,
24/03/2022,1859,T00B8A0084486861,
24/03/2022,1860,T0047A0090518158,
24/03/2022,1861,%0SE83PR15504742519176812826,
24/03/2022,1862,PBZK1787487001,
24/03/2022,1863,WD054967049GB,
24/03/2022,1864,BN507626915GB,
24/03/2022,1865,WD771333045GB,
24/03/2022,1866,3204102000037D0A46E1,
24/03/2022,1867,VE845906247GB,
24/03/2022,1868,1826549944635,
24/03/2022,1869,1 KIEN MUK QUAN,
24/03/2022,1870,H0067A0056770449,
24/03/2022,1871,NV934104401GB,
24/03/2022,1872,WD728712098GB,
24/03/2022,1873,05091823E48,
24/03/2022,1874,WU506586097GB,
24/03/2022,1875,JJD0002247144431998,
24/03/2022,1876,21797309AQ,
24/03/2022,1877,JD741883622GB,
24/03/2022,1878,NV105412902GB,
24/03/2022,1879,0211FBF10117F2D9,
24/03/2022,1880,L10023111015017927,
24/03/2022,1881,NY878685605GB,
24/03/2022,1882,1 KIEN MUK PHUONG HN,
24/03/2022,1883,32059724100037EA0F562,
24/03/2022,1884,WU959379217GB,
24/03/2022,1885,T00H2A0122481305,
24/03/2022,1886,T0047A0090993938,
24/03/2022,1887,T00IKA0022253061,
24/03/2022,1888,T00IKA0022095560,
24/03/2022,1889,T00PWA0030522328,
24/03/2022,1890,T0047A0090909462,
24/03/2022,1891,JJD0002219830584812,
24/03/2022,1892,AF275503276GB,
24/03/2022,1893,%0SE83PR15505362461507812826,
24/03/2022,1894,15505453132704,
24/03/2022,1895,T00BIA0013189973,
24/03/2022,1896,T00LFA0005305951,
24/03/2022,1897,QA0053984112,
25/03/2022,1898,A11244400683,
25/03/2022,1899,A11244700863,
25/03/2022,1900,A11244475293,
25/03/2022,1901,A11244641073,
25/03/2022,1902,WU097374326GB,
25/03/2022,1903,T00B8A0085203965,
25/03/2022,1904,MD672140851GB,
25/03/2022,1905,T00BIA0013279049,
25/03/2022,1906,T00BIA0013288656,
25/03/2022,1907,T00B8A0085230772,
25/03/2022,1908,0212C00301CBB7B4,
25/03/2022,1909,TK970380251GB,
25/03/2022,1910,H000KA0010254116,
25/03/2022,1911,0213A59F043E9CF7,
25/03/2022,1912,1 KIEN MUK QUAN,
25/03/2022,1913,0216B4F30178AFD8,
25/03/2022,1914,PBZK1881955001,
25/03/2022,1915,%0SE83PR15502291398442812826,
25/03/2022,1916,%0SE83PR15505453135056812826,
25/03/2022,1917,T00KMA0233066964,
25/03/2022,1918,MD672140689GB,
25/03/2022,1919,A11244297333,
27/03/2022,1920,T00BIA0013314413,
27/03/2022,1921,%0SE83PR15505361121056812826,
27/03/2022,1922,15505169130099,
27/03/2022,1923,ASE8 331515280650708001,
27/03/2022,1924,FY934285068GB,
27/03/2022,1925,FY934285054GB,
27/03/2022,1926,SM036776405GB,
27/03/2022,1927,QR369240180GB,
27/03/2022,1928,T00NWA0032730165,
27/03/2022,1929,MA396256697GB,
27/03/2022,1930,T001PA0027311768,
27/03/2022,1931,T002VA0522397519,
27/03/2022,1932,T001PA0027463264,
27/03/2022,1933,T00PWA0030704057,
27/03/2022,1934,T0047A0091631907,
27/03/2022,1935,T001PA0027471855,
27/03/2022,1936,15505169129482,
27/03/2022,1937,15505169129467,
29/03/2022,1938,TN046742199GB,
29/03/2022,1939,02192CFC0297D05A,
29/03/2022,1940,WD722718680GB,
29/03/2022,1941,WM938394845GB,
29/03/2022,1942,WD704546317GB,
29/03/2022,1943,WY459689586GB,
29/03/2022,1944,T00B8A0085531756,
29/03/2022,1945,T01U7A0107296017,
29/03/2022,1946,WU959466698GB,
29/03/2022,1947,T00KMA0235923685,
29/03/2022,1948,T00KMA0235167883,
29/03/2022,1949,T00B8A0085921842,
29/03/2022,1950,T00KMA0237250248,
29/03/2022,1951,T001PA0027477213,
29/03/2022,1952,T00IKA0022431730,
29/03/2022,1953,T00B8A0085602808,
29/03/2022,1954,T00IKA0022412350,
29/03/2022,1955,NY823647700GB,
29/03/2022,1956,QA0062830253,
29/03/2022,1957,%0SE83PR15505453138809812826,
29/03/2022,1958,%0SE83PR15505453138352812826,
29/03/2022,1959,%0SE83PR15502148765157812826,
29/03/2022,1960,QP052455299GB,
29/03/2022,1961,T00BIA0013374003,
29/03/2022,1962,%0SE83PR15505169131069812826,
29/03/2022,1963,%0SE83PR15502148767689812826,
29/03/2022,1964,%0SE83PR15976662020794831826,
29/03/2022,1965,WD143004458GB,
29/03/2022,1966,T00B8A0086306748,
29/03/2022,1967,T00IKA0022482129,
29/03/2022,1968,PBZK1910586001,
29/03/2022,1969,T00IKA0022468179,
29/03/2022,1970,T0047A0092291540,
29/03/2022,1971,T00IKA0022629296,
29/03/2022,1972,%0SE83PR15505169131242812826,
29/03/2022,1973,MD628184795GB,
29/03/2022,1974,MD672192567GB,
29/03/2022,1975,MD672192479GB,
31/03/2022,1976,T0047A0092309664,
31/03/2022,1977,WD667918286GB,
31/03/2022,1978,WD774928088GB,
31/03/2022,1979,0211B58502CFDDCC,
31/03/2022,1980,WD734987635GB,
31/03/2022,1981,KB886356252GB,
31/03/2022,1982,021297C502064149,
31/03/2022,1983,T00IKA0022692364,
31/03/2022,1984,%0SE83PR15976662025502831826,
31/03/2022,1985,T002VA0528250503,
31/03/2022,1986,T00IKA0022687262,
31/03/2022,1987,SM031905939GB,
31/03/2022,1988,%0SE83PR15505169133392812826,
31/03/2022,1989,%0SE83PR15502148773492812826,
31/03/2022,1990,T00IKA0022632053,
31/03/2022,1991,T001PA0027811439,
31/03/2022,1992,QA0069326674,
31/03/2022,1993,A11248622133,
31/03/2022,1994,A11248622373,
31/03/2022,1995,%0SE83PR15505169132693812826,
31/03/2022,1996,PBZK1917880001,
31/03/2022,1997,T00PWA0030986128,
31/03/2022,1998,%0SE83PR15502148773834812826,
31/03/2022,1999,H00RVA0108755320,
31/03/2022,2000,%0SE83PR15505169133449812826,
31/03/2022,2001,%0SE83PR15505453139296812826,
31/03/2022,2002,QA0070479218,
31/03/2022,2003,T00KMA0238545028,
31/03/2022,2004,T0047A0092309664,
31/03/2022,2005,T001PA0027784517,
31/03/2022,2006,T001PA0027783604,
31/03/2022,2007,T001PA0027792502,
31/03/2022,2008,T001=A0027768106,
31/03/2022,2009,T001PA0027783438,
31/03/2022,2010,ASE8 331520740174233001,
31/03/2022,2011,%0SE83PR15505360704091812826,
31/03/2022,2012,T001PA0027771887,
31/03/2022,2013,T00K5A0038048733,
31/03/2022,2014,H01S6A0001924926,
31/03/2022,2015,T001PA0027902507,
31/03/2022,2016,KB824875969GB,
31/03/2022,2017,%0SE83PR15505360666379812826,
31/03/2022,2018,87NXG9852240A060,
31/03/2022,2019,%0SE83PR15505360624128812826,
31/03/2022,2020,%0SE83PR15505453140193812826,
31/03/2022,2021,%0SE83PR15505169133757812826,
31/03/2022,2022,1ZA667666851945632,
31/03/2022,2023,%0SE83PR15505169133758812826,
31/03/2022,2024,%0SE83GR15503691060327812826,
31/03/2022,2025,H00JHA0053293847,
31/03/2022,2026,JJD0002247144450394,
31/03/2022,2027,JJD0002247144448775,
31/03/2022,2028,H00JHA0053369949,
31/03/2022,2029,2 KIEN MUK QUAN,
31/03/2022,2030,320436898000382F2E895,
01/04/2022,2031,JJD014600009717248235,
01/04/2022,2032,T002VA0531712178,
01/04/2022,2033,T001PA0027986008,
01/04/2022,2034,T001PA0028029811,
01/04/2022,2035,T00KMA0242670360,
01/04/2022,2036,T00KMA0242670372,
01/04/2022,2037,QA0069222537,
01/04/2022,2038,QA0066688152,
01/04/2022,2039,QA0067316433,
01/04/2022,2040,%0SE83PR15505169134927812826,
01/04/2022,2041,SM050634289GB,
01/04/2022,2042,SM050634292GB,
01/04/2022,2043,JJD0002249601568285,
01/04/2022,2044,JJD0002249601568303,
01/04/2022,2045,%0SE83PR15505360897985811826,
01/04/2022,2046,%0SE83PR15976869306395812826,
01/04/2022,2047,T00N3A0017091308,
01/04/2022,2048,WD330120495GB,
01/04/2022,2049,L10280111003099465,
01/04/2022,2050,WD302300765GB,
01/04/2022,2051,WU959575185GB,
01/04/2022,2052,WD771334859GB,
01/04/2022,2053,0509282E975,
03/04/2022,2054,T0047A0093273529,
03/04/2022,2055,T001PA0028119886,
03/04/2022,2056,T00IKA0022910180,
03/04/2022,2057,T00IKA0022952974,
03/04/2022,2058,T00KMA0243554151,
03/04/2022,2059,SM017590111GB,
03/04/2022,2060,SM017590156GB,
03/04/2022,2061,%0SE83PR15976662041165877826,
03/04/2022,2062,%0SE83PR15502148792612801826,
03/04/2022,2063,T00KMA0243554163,
03/04/2022,2064,T00IKA0022910154,
03/04/2022,2065,MD672257435GB,
03/04/2022,2066,SN227437705GB,
03/04/2022,2067,%0SE83PR15505453142026812826,
03/04/2022,2068,T00KMA0242773558,
03/04/2022,2069,T00IKA0022952532,
03/04/2022,2070,%0SE83PR15505169136201812826,
03/04/2022,2071,%0SE83PR15505169136248812826,
03/04/2022,2072,A11250668113,
03/04/2022,2073,T00KMA0243698965,
03/04/2022,2074,T0047A0093164150,
03/04/2022,2075,T00IKA0022910178,
03/04/2022,2076,T00IKA0022917502,
03/04/2022,2077,T00IKA0022916904,
03/04/2022,2078,T00IKA0022916764,
03/04/2022,2079,T00IKA0022952455,
03/04/2022,2080,T00IKA0022915154,
03/04/2022,2081,T00IKA0022917879,
03/04/2022,2082,NY229007310GB,
03/04/2022,2083,NV392191837GB,
03/04/2022,2084,H008EA0009457234,
03/04/2022,2085,%0SE83PR15976662040815831826,
03/04/2022,2086,T00MTA0046052825,
03/04/2022,2087,L12606111000579234,
03/04/2022,2088,H00H8A0001409153,
03/04/2022,2089,%0SE83PR15505349919170812826,
03/04/2022,2090,%0SE83PR15505349919154812826,
03/04/2022,2091,%0SE83PR15503027025046812826,
03/04/2022,2092,%0SE83PR15505349919096812826,
03/04/2022,2093,%0SE83PR15504742522928812826,
03/04/2022,2094,%0SE83PR15504742522832812826,
03/04/2022,2095,%0SE83PR15503027024812812826,
03/04/2022,2096,%0SE83PR15504742522952812826,
03/04/2022,2097,%0SE83PR15504742522587812826,
03/04/2022,2098,T00IKA0023041188,
03/04/2022,2099,T002VA0534500184,
03/04/2022,2100,T00H2A0125646271,
03/04/2022,2101,T00H2A0125645801,
03/04/2022,2102,012129455975,
03/04/2022,2103,SM017601344GB,
03/04/2022,2104,SM017601300GB,
03/04/2022,2105,T002VA0533861389,
03/04/2022,2106,L12606111000579234,
03/04/2022,2107,SM050644670GB,
04/04/2022,2108,1Z20M6T3DK06164669,
04/04/2022,2109,33455427,NGOCDINH
04/04/2022,2110,T00PWA0031280577,
04/04/2022,2111,C00HHA0190027242,
04/04/2022,2112,C00HHA0190027242,
04/04/2022,2113,%0SE83PR15503027024893812826,
04/04/2022,2114,WL515409055GB,
04/04/2022,2115,WL515349428GB,
04/04/2022,2116,QA0080724537,
04/04/2022,2117,KB886749166GB,
04/04/2022,2118,%0SE83PR15505227324374812826,
04/04/2022,2119,%0SE83PR15505227324767812826,
04/04/2022,2120,15505169136654,
04/04/2022,2121,15505169136974,
04/04/2022,2122,QE714171874GB,
04/04/2022,2123,H00EZA0015665752,
04/04/2022,2124,WD632660479GB,
04/04/2022,2125,SM050654133GB,
04/04/2022,2126,SM050654195GB,
04/04/2022,2127,SM050654120GB,
04/04/2022,2128,%0SE83PR15503027025026812826,
04/04/2022,2129,3716813175621421,
04/04/2022,2130,SM050645689GB,
04/04/2022,2131,T0047A0093702669,
04/04/2022,2132,C00HHA0190027242,
06/04/2022,2133,%0SE83PR15503027025289812826,
06/04/2022,2134,%0SE83PR15502291677956812826,
06/04/2022,2135,JJD0002247144460465,
06/04/2022,2136,JJD0002247144459997,
06/04/2022,2137,%0SE83PR15505357243374812826,
06/04/2022,2138,JJD0002247144461330,
06/04/2022,2139,07711840079504001,
06/04/2022,2140,JJD0002247164536083,
06/04/2022,2141,T00IKA0023060859,
06/04/2022,2142,T00IKA0023134907,
06/04/2022,2143,%0SE83PR15503027025242812826,
06/04/2022,2144,JJD0002247144459286,
06/04/2022,2145,%0SE83PR15505227327064812826,
06/04/2022,2146,T00B8A0088222019,
06/04/2022,2147,T00IKA0023062310,
06/04/2022,2148,T00IKA0023115262,
06/04/2022,2149,T00IKA0023087108,
06/04/2022,2150,T00IKA0023233161,
06/04/2022,2151,T00IKA0023066964,
06/04/2022,2152,T00KMA0246818255,
06/04/2022,2153,T00IKA0023259456,
06/04/2022,2154,T00IKA0023054731,
06/04/2022,2155,T00IKA0023216672,
06/04/2022,2156,05092D1A827,
06/04/2022,2157,02115454049868C3,
06/04/2022,2158,1 KIEN MUK QUAN,
06/04/2022,2159,11077A3A9DC,
06/04/2022,2160,02165661018DD52F,
06/04/2022,2161,T00KMA0245369249,
06/04/2022,2162,NY621053950GB,
06/04/2022,2163,%0SE83PR15505169137791812826,
06/04/2022,2164,T00IKA0023316218,
06/04/2022,2165,WD190839703GB,
06/04/2022,2166,T00KMA024730032,
06/04/2022,2167,JJD0002230113483287,
06/04/2022,2168,0213B884026859E9,
06/04/2022,2169,NE037903043GB,
06/04/2022,2170,0210D6990294C93C,
06/04/2022,2171,WD708171455GB,
06/04/2022,2172,02137E2D05B90FC6,
06/04/2022,2173,1 KIEN MUK QUAN,
06/04/2022,2174,02126F3A06A680CA,
06/04/2022,2175,JJD000298402003408703,
06/04/2022,2176,1F029739100002F5A9CCB,
06/04/2022,2177,WU431578109GB,
06/04/2022,2178,T00IKA0023279674,
06/04/2022,2179,T00NWA0033605402,
06/04/2022,2180,MD628259057GB,
06/04/2022,2181,NY841195847GB,
06/04/2022,2182,QB0178005364,
06/04/2022,2183,SN160526750GB,
06/04/2022,2184,SN160526715GB,
06/04/2022,2185,6053053020128330415723001605,
08/04/2022,2186,%0SE83PR15976662064116831826,
08/04/2022,2187,MD628278325GB,
08/04/2022,2188,MD628278334GB,
08/04/2022,2189,JA267777891GB,
08/04/2022,2190,T00KMA0248835126,
08/04/2022,2191,320506739000387C75C99,
08/04/2022,2192,11077AD5F54,
08/04/2022,2193,NE043081616GB,
08/04/2022,2194,0215515C0237B7D6,
08/04/2022,2195,02125EAD019A5081,
08/04/2022,2196,VE726532371GB,
08/04/2022,2197,DF237231586GB,
08/04/2022,2198,021426430162BDBF,
08/04/2022,2199,MD672309570GB,
08/04/2022,2200,T00KMA0249184330,
08/04/2022,2201,%0SE83PR15505453146618812826,
08/04/2022,2202,%0SE83PR15505169138480812826,
08/04/2022,2203,QA0085623347,
08/04/2022,2204,QA0086754617,
08/04/2022,2205,QA0085533304,
08/04/2022,2206,QA0087986771,
08/04/2022,2207,%0SE83PR15502037953618812826,
08/04/2022,2208,%0SE83PR15502037953634812826,
08/04/2022,2209,%0SE83PR15976872507710812826,
08/04/2022,2210,T00IKA0023472864,
08/04/2022,2211,T00IKA0023406904,
08/04/2022,2212,15505349919848,
08/04/2022,2213,MD628292588GB,
08/04/2022,2214,MD628288946GB,
08/04/2022,2215,MD628287146GB,
08/04/2022,2216,T00B8A0089150562,
08/04/2022,2217,A0023542558,
08/04/2022,2218,0211313C020288F6,
08/04/2022,2219,021182BD02EAC4EF,
08/04/2022,2220,1 KIEN PHUONGMINE,
08/04/2022,2221,%0SE83PR15504334585084812826,
08/04/2022,2222,PBZK2106287001,
08/04/2022,2223,ASE8 331515280668104001,
08/04/2022,2224,T001PA0028819119,
08/04/2022,2225,T0047A0094976861,
08/04/2022,2226,T00BIA0013730009,
08/04/2022,2227,T00BIA0013729842,
08/04/2022,2228,T00KMA0251166386,
08/04/2022,2229,T00BIA0013729955,
08/04/2022,2230,T00BIA0013731001,
08/04/2022,2231,PBZK2059012001,
08/04/2022,2232,T00BIA0013730946,
08/04/2022,2233,FWBY5042104GB,
09/04/2022,2234,MD628294323GB,
09/04/2022,2235,0213031E04D142EC,
09/04/2022,2236,%0SE83PR15502291784433812826,
09/04/2022,2237,3716813175624620,
09/04/2022,2238,T00IKA0023603596,
09/04/2022,2239,T0047A0095047053,
09/04/2022,2240,T00KMA0252139823,
09/04/2022,2241,T0047A0094966442,
09/04/2022,2242,H01NFA0041975081,
09/04/2022,2243,KB111848740GB,
09/04/2022,2244,T0047A0095171652,
09/04/2022,2245,SM050708123GB,
09/04/2022,2246,T00IKA0023579668,
09/04/2022,2247,H0067A0060384282,
09/04/2022,2248,T00KMA0251192999,
09/04/2022,2249,%0SE83PR15505227344166812826,
09/04/2022,2250,T00KMA0251967461,
09/04/2022,2251,T0047A0094996560,
09/04/2022,2252,T0047A0095195789,
09/04/2022,2253,T00KMA0252139811,
11/04/2022,2254,15505169140273,
11/04/2022,2255,T002VA0544593282,
11/04/2022,2256,T002VA0545114796,
11/04/2022,2257,T0047A0095320279,
11/04/2022,2258,T001PA0029026739,
11/04/2022,2259,MA402165745GB,
11/04/2022,2260,T00IKA0023618193,
11/04/2022,2261,T00KMA0254256176,
11/04/2022,2262,MD628305043GB,
11/04/2022,2263,JD546036787GB,
11/04/2022,2264,%0SE83PR15505227350595812826,
11/04/2022,2265,%0SE83PR15505227350753812826,
11/04/2022,2266,%0SE83PR15505227345492812826,
11/04/2022,2267,%0SE83PR15505227350966812826,
11/04/2022,2268,%0SE83PR15505453150000812826,
11/04/2022,2269,%0SE83PR15505453149008812826,
11/04/2022,2270,JJD0002247144471237,
11/04/2022,2271,QA0094572795,
11/04/2022,2272,QA0094676640,
11/04/2022,2273,QA0094445669,
11/04/2022,2274,%0SE83PR15505453150014812826,
11/04/2022,2275,QA0090397766,
11/04/2022,2276,QA0094721408,
11/04/2022,2277,WL515880675GB,
11/04/2022,2278,SM036885706GB,
11/04/2022,2279,QA0094576682,
11/04/2022,2280,%0SE83PR15505453149902812826,
11/04/2022,2281,%0SE83PR15505453149452812826,
11/04/2022,2282,T00IKA0023803083,
11/04/2022,2283,JJD0002219830690332,
11/04/2022,2284,32033781900038930C7E5,
11/04/2022,2285,1 KIEN MUK QUAN HN,
11/04/2022,2286,1 KIEN MUK QUAN HN,
11/04/2022,2287,1107846A452,
11/04/2022,2288,A11257008423,
11/04/2022,2289,T00P0A0026834678,
11/04/2022,2290,02180BEC01C29C7D,
11/04/2022,2291,MD628305026GB,
11/04/2022,2292,T00IKA0023792292,
11/04/2022,2293,WL519327618GB,
11/04/2022,2294,%&&E83PR15505453149534812826,
11/04/2022,2295,%0SE83PR15505453149138812826,
11/04/2022,2296,%0SE83PR15505453149847812826,
11/04/2022,2297,T001PA0029116817,
13/04/2022,2298,JJD0002247866293106,
13/04/2022,2299,JJD0002247866293107,
13/04/2022,2300,JJD0002247866293105,
13/04/2022,2301,JJD0002247866293108,
13/04/2022,2302,QA0098902472,
13/04/2022,2303,QA0099127708,
13/04/2022,2304,JS838310834GB,
13/04/2022,2305,JJD014600009690534777,
13/04/2022,2306,PBZK2232585001,
13/04/2022,2307,PBZK2197305001,
13/04/2022,2308,PBZK2227665001,
13/04/2022,2309,02115B6B025ADF9A,
13/04/2022,2310,15505453150660,
13/04/2022,2311,PBZK2234961001,
13/04/2022,2312,NY480154429GB,
13/04/2022,2313,T00IKA0023906699,
13/04/2022,2314,T00IKA0023966823,
13/04/2022,2315,T00IKA0023978284,
13/04/2022,2316,WY222301382GB,
13/04/2022,2317,T001PA0029204193,
13/04/2022,2318,1ZV827826890792381,
13/04/2022,2319,JJD0002248021559593,
13/04/2022,2320,T00IKA0023784803,
13/04/2022,2321,T00KMA0255418993,
13/04/2022,2322,T00D3A1511989061,
13/04/2022,2323,T00BIA0013845747,
13/04/2022,2324,T00BIA0013846078,
13/04/2022,2325,T00BIA0013827333,
13/04/2022,2326,T00BIA0013846585,
13/04/2022,2327,T00KMA0254130207,
13/04/2022,2328,T00KMA0254524656,
13/04/2022,2329,T00B8A0089790998,
13/04/2022,2330,T00IKA0023969792,
13/04/2022,2331,T001PA0029349416,
13/04/2022,2332,T001PA0..9349529,
13/04/2022,2333,T001PA0029346155,
13/04/2022,2334,T00NWA0034112395,
13/04/2022,2335,T00IKA0023912907,
13/04/2022,2336,H008EA0009716210,
13/04/2022,2337,T00IKA0024079443,
13/04/2022,2338,T00IKA0024029284,
13/04/2022,2339,T00IKA0024044351,
13/04/2022,2340,T00KMA0256054334,
13/04/2022,2341,%0SE83PR15505349920721812826,
13/04/2022,2342,%0SE83PR15505349920736812826,
13/04/2022,2343,%0SE83PR15505349920724812826,
13/04/2022,2344,T00MTA0048085535,
13/04/2022,2345,%0SE83PR15976873721959812826,
13/04/2022,2346,%0SE83PR15505169143677812826,
13/04/2022,2347,T00D4A1512071906,
13/04/2022,2348,EH418756754GB,
13/04/2022,2349,15505169142449,
13/04/2022,2350,15505169142838,
13/04/2022,2351,15505169143648,
13/04/2022,2352,15505169143299,
13/04/2022,2353,H003EA0008049067,
13/04/2022,2354,T00BIA0013846270,
13/04/2022,2355,%0SE83PR15505169143298812826,
13/04/2022,2356,NV453766381GB,
13/04/2022,2357,%0SE83PR15505169142168812826,
13/04/2022,2358,UT138579542NL,
13/04/2022,2359,T00IKA0024021620,
13/04/2022,2360,%0SE83PR15976874011437868826,
13/04/2022,2361,WB243826023GB,
13/04/2022,2362,T00IKA0024044793,
13/04/2022,2363,T00IKA0024035174,
13/04/2022,2364,T00IKA0024074897,
13/04/2022,2365,0214A14A05003CFA,
13/04/2022,2366,1Z61V3626819360598,
13/04/2022,2367,QB0179522640,
13/04/2022,2368,QB0179036859,
13/04/2022,2369,019903831420879125,
14/04/2022,2370,QB0180394504,
14/04/2022,2371,WD717316895GB,
14/04/2022,2372,TWHV5851027GB,
14/04/2022,2373,WY681098675GB,
14/04/2022,2374,T0047A0096214922,
14/04/2022,2375,MD672396640GB,
14/04/2022,2376,T0047A0096227208,
14/04/2022,2377,T001PA0029437576,
14/04/2022,2378,T001PA0029437502,
14/04/2022,2379,QB0180362187,
14/04/2022,2380,QB0179762702,
14/04/2022,2381,QB0179599857,
14/04/2022,2382,%0SE83PR15505453152289812826,
14/04/2022,2383,MD651882178GB,
14/04/2022,2384,T00IKA0024099875,
14/04/2022,2385,019857710222213124,
14/04/2022,2386,021409C201AAC704,
14/04/2022,2387,021409C201AAC704,
14/04/2022,2388,WD247592828GB,
14/04/2022,2389,02111DAE02EA17E8,
14/04/2022,2390,1 KIEN MUK QUAN,
14/04/2022,2391,02140C1A03DA0022,
14/04/2022,2392,WU960009939GB,
14/04/2022,2393,T00IKA0024094685,
14/04/2022,2394,TZXXDA0245003552,
14/04/2022,2395,T00KMA0257376363,
14/04/2022,2396,T00D4A1512105137,
14/04/2022,2397,MD672390718GB,
14/04/2022,2398,T00IKA0024076221,
14/04/2022,2399,T00B8A0090902887,
14/04/2022,2400,T00IKA0024093885,
14/04/2022,2401,T00KMA0258085165,
14/04/2022,2402,TWHV5851035GB,
16/04/2022,2403,T00IKA0024200810,
16/04/2022,2404,T00KMA0258551138,
16/04/2022,2405,T001PA0029556972,
16/04/2022,2406,T00IKA0024188785,
16/04/2022,2407,T001PA0029511031,
16/04/2022,2408,T001PA0029558534,
16/04/2022,2409,T001PA0029540208,
16/04/2022,2410,T001PA0029552001,
16/04/2022,2411,T0047A0096590384,
16/04/2022,2412,T00IKA0024226472,
16/04/2022,2413,T00IKA0024218754,
16/04/2022,2414,T0047A0096628272,
16/04/2022,2415,T00B8A0091294712,
16/04/2022,2416,T0047A0096647169,
16/04/2022,2417,T001PA0029540385,
16/04/2022,2418,T001PA0029556908,
16/04/2022,2419,JJD0002219830723797,
16/04/2022,2420,T00KMA0257353048,
16/04/2022,2421,JJD0002219830730205,
16/04/2022,2422,JJD0002247287292170,
16/04/2022,2423,%0SE83PR15503027027995812826,
16/04/2022,2424,%0SE83PR15505169144735812826,
16/04/2022,2425,%0SE83PR15503027027998812826,
16/04/2022,2426,%0SE83PR15504742526575812826,
16/04/2022,2427,JJD0002219830730205,
16/04/2022,2428,PZ108042123GB,
16/04/2022,2429,%0SE83PR15505453154353812826,
16/04/2022,2430,PZ108042256GB,
16/04/2022,2431,PBZK2295095001,
16/04/2022,2432,05093D7A317,
16/04/2022,2433,0212CD9F024B9097,
16/04/2022,2434,0210CF8B02AEE2D6,
16/04/2022,2435,MD628349565GB,
16/04/2022,2436,MD628349614GB,
16/04/2022,2437,MD628349455GB,
16/04/2022,2438,T00IKA0024321373,
16/04/2022,2439,H023FA0023692370,
16/04/2022,2440,T00NWA0034397462,
16/04/2022,2441,%0SE83PR15505453153478812826,
16/04/2022,2442,%0SE83PR15505453154112812826,
16/04/2022,2443,11078B7AF75,
16/04/2022,2444,UC021569588DE,
16/04/2022,2445,T00P0A0027259136,
16/04/2022,2446,T00IKA0024316334,
16/04/2022,2447,T00KMA0259834052,
16/04/2022,2448,T0047A0096642741,
16/04/2022,2449,T00IKA0024299843,
16/04/2022,2450,H0067A0061221518,
16/04/2022,2451,T00IKA0024315130,
16/04/2022,2452,T00IKA0024350778,
19/04/2022,2453,SM050790862GB,
19/04/2022,2454,MD628359435GB,
19/04/2022,2455,T0047A0097089039,
19/04/2022,2456,T0047A0097223376,
19/04/2022,2457,T0047A0097457612,
19/04/2022,2458,QB0184760613,
19/04/2022,2459,WL516201715GB,
19/04/2022,2460,T00PWA0032378107,
19/04/2022,2461,A11262648543ASE8 331515280682033001,
19/04/2022,2462,JJD0002247144482948,
19/04/2022,2463,JJD0002247144482611,
19/04/2022,2464,KB896860093GB,
19/04/2022,2465,T00KMA0260252203,
19/04/2022,2466,QB0185195001,
19/04/2022,2467,T00IKA0024609309,
19/04/2022,2468,T00IKA0024540997,
19/04/2022,2469,WD658583672GB,
19/04/2022,2470,T00KMA0261676074,
19/04/2022,2471,T00KMA0261049859,
19/04/2022,2472,T00B8A0092157977,
19/04/2022,2473,T00KMA0261653747,
19/04/2022,2474,WU960161835GB,
19/04/2022,2475,T00KMA0261758648,
19/04/2022,2476,T00PWA0032526493,
19/04/2022,2477,T00IKA0024540997,
19/04/2022,2478,JJD0002249601586055,
19/04/2022,2479,WL493117274GB,
19/04/2022,2480,WL522219595GB,
19/04/2022,2481,T0047A0097502582,
19/04/2022,2482,T0047A0097096185,
19/04/2022,2483,JJD0002247287294257,
19/04/2022,2484,JJD0002249601586077,
19/04/2022,2485,JJD0002249601586072,
19/04/2022,2486,JJD0002249599598369,
19/04/2022,2487,T00D4A1512168038,
19/04/2022,2488,JJD0002230113592225,
19/04/2022,2489,T00PWA0032526049,
19/04/2022,2490,%0SE83PR15505453157171812826,
19/04/2022,2491,155052273732741,
19/04/2022,2492,JJD0002247144483583,
19/04/2022,2493,%0SE83PR15505227375644812826,
21/04/2022,2494,H00JHA0055809680,
21/04/2022,2495,T00IKA0024686717,
21/04/2022,2496,T00IKA0024575712,
21/04/2022,2497,T00KMA0263472909,
21/04/2022,2498,T00KMA0263613264,
21/04/2022,2499,H01KXA0043379804,
21/04/2022,2500,T001PA0030031935,
21/04/2022,2501,TZXXDA0247820366,
21/04/2022,2502,TZXXDA0247820366,
21/04/2022,2503,T00IKA0024623450,
21/04/2022,2504,VE012127180GB,
21/04/2022,2505,0213B1150284492E,
21/04/2022,2506,NE043132851GB,
21/04/2022,2507,6053053020128331891648001605,
21/04/2022,2508,%0SE83PR15505169146975812826,
21/04/2022,2509,%0SE83PR15505169146893812826,
21/04/2022,2510,T001PA0030063261,
21/04/2022,2511,PBIL5930780001,
21/04/2022,2512,JJD0002247144486998,
21/04/2022,2513,%0SE83PR15505169146575812826,
21/04/2022,2514,%0SE83PR15505169145676812826,
21/04/2022,2515,T00BIA0013972695,
21/04/2022,2516,T00BIA0013974916,
21/04/2022,2517,%0SE83PR15504166424654832826,
21/04/2022,2518,%0SE83PR15505169146168812826,
21/04/2022,2519,WY256149445GB,
21/04/2022,2520,%0SE83PR15505169146502812826,
21/04/2022,2521,WU988930042GB,
21/04/2022,2522,JJD0002247144485680,
21/04/2022,2523,JJD0002249599594285,
22/04/2022,2524,JJD014600009804100751,
22/04/2022,2525,QB0185740384,
22/04/2022,2526,QB0185878295,
22/04/2022,2527,%0SE83PR15503027028208812826,
22/04/2022,2528,FE062137423GB,
22/04/2022,2529,0509426AF30,
22/04/2022,2530,H020DA0000737853,
22/04/2022,2531,WY884036304GB,
22/04/2022,2532,NY499853745GB,
22/04/2022,2533,PBIM4620543001,
22/04/2022,2534,H021QA0001581191,
22/04/2022,2535,H01S6A0002058413,
22/04/2022,2536,%0SE83PR15504166267965812826,
22/04/2022,2537,%0SE83PR15504166781782812826,
22/04/2022,2538,1ZA0A6016817665619,
22/04/2022,2539,KB897148437GB,
22/04/2022,2540,KB897027513GB,
22/04/2022,2541,0217F09403F33935,
22/04/2022,2542,UT138805853NL,
22/04/2022,2543,H008EA0009868259,
22/04/2022,2544,C00HHA0199206429,
22/04/2022,2545,WD381954745GB,
22/04/2022,2546,%0SE83PR15504166725284832826,
22/04/2022,2547,PBZK2358039001,
22/04/2022,2548,PBZK2344318001,
22/04/2022,2549,%0SE83PR15504551092476812826,
22/04/2022,2550,MD628390364GB,
22/04/2022,2551,C00HHA0199126633,
22/04/2022,2552,%0SE83PR15503750561713812826,
22/04/2022,2553,SH9544979544426315,
22/04/2022,2554,%0SE83PR15505682073094812826,
22/04/2022,2555,T00BIA0014115068,
22/04/2022,2556,T0047A0098062995,
22/04/2022,2557,T0047A0098001327,
22/04/2022,2558,T00B8A0092871325,
22/04/2022,2559,T00B8A0093083488,
22/04/2022,2560,%0SE83PR15976875459843813826,
22/04/2022,2561,3716813175628826,
22/04/2022,2562,T00KMA0266111833,
22/04/2022,2563,H00KDA0006400501,
22/04/2022,2564,%0SE83PR15505453159595812826,
22/04/2022,2565,%0SE83PR15504551481775812826,
22/04/2022,2566,QB0188290347,
22/04/2022,2567,WY884036318GB,
22/04/2022,2568,JJD0002247144496830,
22/04/2022,2569,JJD0002247144495302,
22/04/2022,2570,0509451AD36,
22/04/2022,2571,EH421117270GB,
22/04/2022,2572,WD643756840GB,
22/04/2022,2573,KB356525515GB,
22/04/2022,2574,WD012325256GB,
22/04/2022,2575,021603E9021FEDC5,
22/04/2022,2576,T0047A0098218011,
22/04/2022,2577,H01XIA0000217866,
22/04/2022,2578,FE091664311GB,
22/04/2022,2579,T000VA0035636503,
22/04/2022,2580,T00KMA0266111821,
22/04/2022,2581,T00IKA0024751716,
22/04/2022,2582,T00PWA0032689803,
22/04/2022,2583,T00K5A0042351073,
22/04/2022,2584,NV253108185GB,
22/04/2022,2585,BN104761402GB,
22/04/2022,2586,0211EF6802579D81,
22/04/2022,2587,WY280065048GB,
22/04/2022,2588,280495697000918C88ACF,
22/04/2022,2589,T00B8A0093198760,
25/04/2022,2590,KB897313598GB,
25/04/2022,2591,WY262208505GB,
25/04/2022,2592,T00L8A0008802532,
25/04/2022,2593,T001PA0030344457,
25/04/2022,2594,T002VA0566838733,
25/04/2022,2595,T00IKA0024874374,
25/04/2022,2596,T00IKA0024924939,
25/04/2022,2597,T002VA0565951162,
25/04/2022,2598,T01VGA0006522817,
25/04/2022,2599,%0SE83PR15505169146896812826,
25/04/2022,2600,WD630685230GB,
25/04/2022,2601,%0SE83PR15976875990862868826,
25/04/2022,2602,T00IKA0024924460,
25/04/2022,2603,%0SE83PR15505169150128812826,
25/04/2022,2604,%0SE83PR15505227393345812826,
25/04/2022,2605,T0047A0098525529,
25/04/2022,2606,T00IKA0024827337,
25/04/2022,2607,T001PA0030319226,
25/04/2022,2608,T001PA0030346552,
25/04/2022,2609,%0SE83PR15505349921772812826,
25/04/2022,2610,%0SE83PR15505349921761812826,
25/04/2022,2611,%0SE83PR15505349921827812826,
25/04/2022,2612,%0SE83PR15505349921823812826,
25/04/2022,2613,%0SE83PR15505227396313812826,
25/04/2022,2614,%0SE83PR15505349921758812826,
25/04/2022,2615,DF254316295GB,
25/04/2022,2616,WD109139910GB,
25/04/2022,2617,H0067A0062419190,
25/04/2022,2618,DF248357667GB,
25/04/2022,2619,T00KMA0074295295,
25/04/2022,2620,02126EBE035E557A,
25/04/2022,2621,02177F9C01A5D0DB,
25/04/2022,2622,1ZV827826897947602,
25/04/2022,2623,15505453160696,
25/04/2022,2624,T00IKA0025002239,
25/04/2022,2625,WD727491316GB,
25/04/2022,2626,%0SE83PR15504742527030812826,
25/04/2022,2627,QB0190897220,
25/04/2022,2628,QB0187514658,
25/04/2022,2629,QB0190364288,
25/04/2022,2630,1 KIEN MUK QUAN,
25/04/2022,2631,A11267027643,
25/04/2022,2632,1 KIEN HUYENDUONG,
27/04/2022,2633,%0SE83PR15504510410852812826,
27/04/2022,2634,%0SE83PR15504510535800812826,
27/04/2022,2635,%0SE83PR15505349922184812826,
27/04/2022,2636,T002VA0572290272,
27/04/2022,2637,15505169152250,
27/04/2022,2638,PBZK2500605001,
27/04/2022,2639,15505169151635,
27/04/2022,2640,H00RVA0112976324,
27/04/2022,2641,%0SE83PR15504510236750812826,
27/04/2022,2642,T00KMA0270315540,
27/04/2022,2643,T00KMA0270646248,
27/04/2022,2644,11079B52318,
27/04/2022,2645,WU236518945GB,
27/04/2022,2646,2 KIEN MUK QUAN,
27/04/2022,2647,H008EA0010084577,
27/04/2022,2648,JJD0002230162000230,
27/04/2022,2649,1ZW7V3166897353045,
27/04/2022,2650,T00NWA0035265767,
27/04/2022,2651,MD672516458GB,
27/04/2022,2652,02164B060186CDF0,
27/04/2022,2653,T00B8A0094347910,
27/04/2022,2654,T00KMA0270290647,
27/04/2022,2655,TK552311333GB,
27/04/2022,2656,T00B8A0094347910,
27/04/2022,2657,MD672519573GB,
27/04/2022,2658,T00IKA0025150117,
27/04/2022,2659,FE083496735GB,
27/04/2022,2660,T002VA0572293610,
27/04/2022,2661,%0SE83PR15504510535801812826,
27/04/2022,2662,%0SE83PR15504510535802812826,
27/04/2022,2663,1Z6W17566860486617,
27/04/2022,2664,JJD0002249599605477,
27/04/2022,2665,%0SE83PR15504510535803812826,
27/04/2022,2666,%0SE83PR15504510932281811826,
27/04/2022,2667,0213C810020177F6,
27/04/2022,2668,WD630570841GB,
27/04/2022,2669,021348A102D3F988,
27/04/2022,2670,H008EA0009983568,
27/04/2022,2671,NY541020927GB,
27/04/2022,2672,0212BF92022EFF37,
27/04/2022,2673,05095014901,
27/04/2022,2674,05094FA371C,
27/04/2022,2675,WD656483668GB,
27/04/2022,2676,0216391801670696,
27/04/2022,2677,2 KIEN MUK QUAN,
27/04/2022,2678,WD749426504GB,
27/04/2022,2679,T0047A0099622691,
27/04/2022,2680,T0047A0099622691,
27/04/2022,2681,T00IKA0025281176,
27/04/2022,2682,T0047A0099374466,
27/04/2022,2683,QB0191988630,
27/04/2022,2684,QB0192721103,
27/04/2022,2685,JJD014600009816203463,
27/04/2022,2686,1 KIEN MINH TRUONG,
27/04/2022,2687,QB0190260486,
27/04/2022,2688,T0047A0099504627,
28/04/2022,2689,QB0191267470,
28/04/2022,2690,1ZV82757DL90902407,
28/04/2022,2691,05095070523,
28/04/2022,2692,11079C70496,
28/04/2022,2693,05095138F38,
28/04/2022,2694,1 KIEN MUK QUAN,
28/04/2022,2695,3205625560003949A3805,
28/04/2022,2696,40040220200091B417A28,
28/04/2022,2697,40042418100091B19859D,
28/04/2022,2698,0214F39F016C7EDF,
28/04/2022,2699,1ZE46A996836605752,
28/04/2022,2700,%0SE83PR15505715333474832826,
28/04/2022,2701,LY182956288DK,
28/04/2022,2702,T00B8A0094931224,
28/04/2022,2703,T001PA0030962255,
28/04/2022,2704,T001PA0030955349,
28/04/2022,2705,T00IKA0025368752,
28/04/2022,2706,T00IKA0025366758,
28/04/2022,2707,T0047A0099893810,
28/04/2022,2708,T00KMA0273705879,
28/04/2022,2709,H01WDA0009484530,